Ag,Al,Au,B,Be,C,Ca,Ce,Co,Cr,Cu,Dy,Er,Fe,Ga,Gd,Hf,Ho,In,La,Li,Lu,Mg,Mn,Mo,Nb,Nd,Ni,P,Pd,Pr,Sc,Si,Sm,Sn,Ta,Tb,Ti,Tm,W,Y,Yb,Zn,Zr,Dmax
0,0,0,0,0,0,0,0,0,0,49.4,0,0,0,0,0,0,0,0,0,0,0,0,0,0,0,0,0,0,0,0,0,0.6,0,0.6,0,0,7.41,0,0,0,0,0,41.99,7
0,0,0,0,0,0,0,0,0,0,49.5,0,0,0,0,0,0,0,0,0,0,0,0,0,0,0,0,0,0,0,0,0,1,0,0,0,0,7.425,0,0,0,0,0,42.075,6
0,0,0,0,0,0,0,0,0,0,49.5,0,0,0,0,0,0,0,0,0,0,0,0,0,0,0,0,0,0,0,0,0,0,0,1,0,0,7.425,0,0,0,0,0,42.075,6
0,0,0,0,0,0,0,0,0,0,55.2,0,0,0,0,0,23,0,0,0,0,0,0,0,0,8,0,0,0,0,0,0,0,0,0,0,0,13.8,0,0,0,0,0,0,2.5
0,0,0,0,0,0,0,0,0,0,56.4,0,0,0,0,0,23.5,0,0,0,0,0,0,0,0,6,0,0,0,0,0,0,0,0,0,0,0,14.1,0,0,0,0,0,0,4
0,0,0,0,0,0,0,0,0,0,57.6,0,0,0,0,0,24,0,0,0,0,0,0,0,0,4,0,0,0,0,0,0,0,0,0,0,0,14.4,0,0,0,0,0,0,4
0,0,0,0,0,0,0,0,0,0,58.8,0,0,0,0,0,24.5,0,0,0,0,0,0,0,0,2,0,0,0,0,0,0,0,0,0,0,0,14.7,0,0,0,0,0,0,4
0,6.895,0,0,0,0,0,0,0,0,49.25,0,0,0,0,0,0,0,0,0,0,0,0,0,0,0,0,0,0,0,0,0,1.5,0,0,0,0,0,0,0,0,0,0,42.355,4
0,6.86,0,0,0,0,0,0,0,0,49,0,0,0,0,0,0,0,0,0,0,0,0,0,0,0,0,0,0,0,0,0,2,0,0,0,0,0,0,0,0,0,0,42.14,3
0,6.965,0,0,0,0,0,0,0,0,49.75,0,0,0,0,0,0,0,0,0,0,0,0,0,0,0,0,0,0,0,0,0,0.5,0,0,0,0,0,0,0,0,0,0,42.785,10
0,6.93,0,0,0,0,0,0,0,0,49.5,0,0,0,0,0,0,0,0,0,0,0,0,0,0,0,0,0,0,0,0,0,1,0,0,0,0,0,0,0,0,0,0,42.57,12
0,7,0,0,0,0,0,0,0,0,46,0,0,0,0,1,0,0,0,0,0,0,0,0,0,0,0,0,0,0,0,0,0,0,0,0,0,0,0,0,0,0,0,46,10
0,0,0,0,10,0,0,0,0,0,54,0,0,0,0,0,0,0,0,0,0,0,0,0,0,0,0,0,0,0,0,0,0,0,0,0,0,9,0,0,0,0,0,27,5
0,0,0,0,0,0,0,0,0,0,58.8,0,0,0,0,0,0,0,0,0,0,0,0,0,0,0,0,0,0,0,0,0,0,0,0,0,0,9.8,0,0,2,0,0,29.4,5
0,0,0,0,0,0,0,0,0,0,59.4,0,0,0,0,0,0,0,0,0,0,0,0,0,0,0,0,0,0,0,0,0,0,0,1,0,0,9.9,0,0,0,0,0,29.7,5
0,8,0,0,0,0,0,0,0,0,46,0,0,0,0,0,0,0,0,0,0,0,0,0,0,0,0,0,0,0,0,0,0,0,0,0,0,0,0,0,0,0,0,46,5
0,0,0,19.2,0,0,0,0,0,0,0,0,0,65.28,0,0,0,0,0,0,0,0,0,0,0,4,0,0,0,0,0,0,4.8,0,0,0,6.72,0,0,0,0,0,0,0,2
0,0,0,19.2,0,0,0,0,0,0,0,0,0,66.24,0,0,0,0,0,0,0,0,0,0,0,4,0,0,0,0,0,0,4.8,0,0,0,5.76,0,0,0,0,0,0,0,3
0,0,0,19.2,0,0,0,0,0,0,0,0,0,67.2,0,0,0,0,0,0,0,0,0,0,0,4,0,0,0,0,0,0,4.8,0,0,0,4.8,0,0,0,0,0,0,0,3.5
0,0,0,19.2,0,0,0,0,0,0,0,0,0,68.16,0,0,0,0,0,0,0,0,0,0,0,4,0,0,0,0,0,0,4.8,0,0,0,3.84,0,0,0,0,0,0,0,3.5
0,0,0,19.2,0,0,0,0,0,0,0,0,0,69.12,0,0,0,0,0,0,0,0,0,0,0,4,0,0,0,0,0,0,4.8,0,0,0,2.88,0,0,0,0,0,0,0,3
0,0,0,19.2,0,0,0,0,0,0,0,0,0,70.08,0,0,0,0,0,0,0,0,0,0,0,4,0,0,0,0,0,0,4.8,0,0,0,1.92,0,0,0,0,0,0,0,2.5
0,0,0,19.2,0,0,0,0,0,0,0,0,0,71.04,0,0,0,0,0,0,0,0,0,0,0,4,0,0,0,0,0,0,4.8,0,0,0,0.96,0,0,0,0,0,0,0,1
0,0,0,14.4,0,0,0,0,0,0,0,0,0,72,0,0,0,0,0,0,0,0,0,0,0,4,0,0,0,0,0,0,9.6,0,0,0,0,0,0,0,0,0,0,0,1.5
0,0,0,14.7,0,0,0,0,0,0,0,0,0,73.5,0,0,0,0,0,0,0,0,0,0,0,2,0,0,0,0,0,0,9.8,0,0,0,0,0,0,0,0,0,0,0,1
0,0,0,14.85,0,0,0,0,0,0,0,0,0,74.25,0,0,0,0,0,0,0,0,0,0,0,1,0,0,0,0,0,0,9.9,0,0,0,0,0,0,0,0,0,0,0,0.5
0,0,0,14.85,0,0,0,0,0,0,0,0,0,74.25,0,0,0,0,0,0,0,0,0,0,0,0,0,0,0,0,0,0,9.9,0,0,0,0,0,0,0,0,0,0,1,0.75
0,0,0,19.2,0,0,0,0,0,0,0,0,0,72,0,0,0,0,0,0,0,0,0,0,0,4,0,0,0,0,0,0,4.8,0,0,0,0,0,0,0,0,0,0,0,1.5
0,0,0,22.32,0,0,0,0,0,0,0,7,0,66.96,0,0,0,0,0,0,0,0,0,0,3.72,0,0,0,0,0,0,0,0,0,0,0,0,0,0,0,0,0,0,0,2
0,0,0,22.56,0,0,0,0,0,0,0,6,0,67.68,0,0,0,0,0,0,0,0,0,0,3.76,0,0,0,0,0,0,0,0,0,0,0,0,0,0,0,0,0,0,0,3
0,0,0,22.8,0,0,0,0,0,0,0,5,0,68.4,0,0,0,0,0,0,0,0,0,0,3.8,0,0,0,0,0,0,0,0,0,0,0,0,0,0,0,0,0,0,0,2
0,0,0,19.2,0,0,0,0,0,0,0,0,0,69.12,0,0,0,0,0,0,0,0,0,0,0,3.84,0,0,0,0,0,0,3.84,0,0,0,0,0,0,0,4,0,0,0,3
0,0,0,19.4,0,0,0,0,0,0,0,0,0,69.84,0,0,0,0,0,0,0,0,0,0,0,3.88,0,0,0,0,0,0,3.88,0,0,0,0,0,0,0,3,0,0,0,4
0,0,0,19.6,0,0,0,0,0,0,0,0,0,70.56,0,0,0,0,0,0,0,0,0,0,0,3.92,0,0,0,0,0,0,3.92,0,0,0,0,0,0,0,2,0,0,0,2
0,0,0,19.8,0,0,0,0,0,0,0,0,0,71.28,0,0,0,0,0,0,0,0,0,0,0,3.96,0,0,0,0,0,0,3.96,0,0,0,0,0,0,0,1,0,0,0,2
0,0,0,23,0,0,0,0,14.2,0,0,0,0,56.8,0,0,0,0,0,0,0,0,0,0,0,6,0,0,0,0,0,0,0,0,0,0,0,0,0,0,0,0,0,0,2
0,0,0,0,0,12.726,0,0,0,0,0,0,0,74.0835,0,0,0,0,0,0,0,0,0,0,0,0,0,0,9.1,0,0,0,3.4542,0,0,0,0,0,0.6363,0,0,0,0,0,1
0,0,0,0,0,12.9318,0,0,0,0,0,0,0,75.28155,0,0,0,0,0,0,0,0,0,0,0,0,0,0,7.63,0,0,0,3.51006,0,0,0,0,0,0.64659,0,0,0,0,0,1
0,0,0,19.2,0,0,0,0,0,0,0,0,0,0,0,0,0,0,0,0,0,0,0,0,0,4,0,72,0,0,0,0,4.8,0,0,0,0,0,0,0,0,0,0,0,0.5
0,0,0,0,0,0,0,0,0,0,37.8,0,0,0,0,0,0,0,0,0,0,0,0,0,0,0,0,7.2,0,0,0,0,0,0,0,0,0,45,0,0,0,0,0,10,1
0,0,0,0,0,0,0,0,0,0,35.532,0,0,0,0,0,0,0,0,0,0,0,0,0,0,0,0,6.768,0,0,0,0,0,0,6,0,0,42.3,0,0,0,0,0,9.4,1
0,0,0,0,0,0,0,0,0,0,36.288,0,0,0,0,0,0,0,0,0,0,0,0,0,0,0,0,6.912,0,0,0,0,0,0,4,0,0,43.2,0,0,0,0,0,9.6,1
0,0,0,0,0,0,0,0,0,0,37.044,0,0,0,0,0,0,0,0,0,0,0,0,0,0,0,0,7.056,0,0,0,0,0,0,2,0,0,44.1,0,0,0,0,0,9.8,2
7,18.6,0,0,0,0,0,0,18.6,0,4.65,0,0,0,0,0,0,0,0,0,0,0,0,0,0,0,0,0,0,0,0,0,0,0,0,0,0,0,0,0,0,0,0,51.15,14
5,19,0,0,0,0,0,0,19,0,4.75,0,0,0,0,0,0,0,0,0,0,0,0,0,0,0,0,0,0,0,0,0,0,0,0,0,0,0,0,0,0,0,0,52.25,16
3,19.4,0,0,0,0,0,0,19.4,0,4.85,0,0,0,0,0,0,0,0,0,0,0,0,0,0,0,0,0,0,0,0,0,0,0,0,0,0,0,0,0,0,0,0,53.35,16
1,19.8,0,0,0,0,0,0,19.8,0,4.95,0,0,0,0,0,0,0,0,0,0,0,0,0,0,0,0,0,0,0,0,0,0,0,0,0,0,0,0,0,0,0,0,54.45,10
0,10,0,0,0,0,0,0,0,0,23,0,0,5,0,0,0,0,0,0,0,0,0,0,0,0,0,0,0,0,0,0,0,0,0,0,0,0,0,0,0,0,0,62,3
7,9.3,0,0,0,0,0,0,0,0,21.39,0,0,4.65,0,0,0,0,0,0,0,0,0,0,0,0,0,0,0,0,0,0,0,0,0,0,0,0,0,0,0,0,0,57.66,4
5,9.5,0,0,0,0,0,0,0,0,21.85,0,0,4.75,0,0,0,0,0,0,0,0,0,0,0,0,0,0,0,0,0,0,0,0,0,0,0,0,0,0,0,0,0,58.9,5
3,9.7,0,0,0,0,0,0,0,0,22.31,0,0,4.85,0,0,0,0,0,0,0,0,0,0,0,0,0,0,0,0,0,0,0,0,0,0,0,0,0,0,0,0,0,60.14,10
1,9.9,0,0,0,0,0,0,0,0,22.77,0,0,4.95,0,0,0,0,0,0,0,0,0,0,0,0,0,0,0,0,0,0,0,0,0,0,0,0,0,0,0,0,0,61.38,4
0,0,0,19.2,0,0,0,0,43.2,0,0,0,0,28.8,0,0,0,0,0,0,0,0,0,0,0,4,0,0,0,0,0,0,4.8,0,0,0,0,0,0,0,0,0,0,0,4
0,0,0,19.2,0,0,0,0,50.4,0,0,0,0,21.6,0,0,0,0,0,0,0,0,0,0,0,4,0,0,0,0,0,0,4.8,0,0,0,0,0,0,0,0,0,0,0,3.5
0,0,0,19.2,0,0,0,0,57.6,0,0,0,0,14.4,0,0,0,0,0,0,0,0,0,0,0,4,0,0,0,0,0,0,4.8,0,0,0,0,0,0,0,0,0,0,0,2.5
0,0,0,19.2,0,0,0,0,64.8,0,0,0,0,7.2,0,0,0,0,0,0,0,0,0,0,0,4,0,0,0,0,0,0,4.8,0,0,0,0,0,0,0,0,0,0,0,2
0,0,0,19.2,0,0,0,0,36,0,0,0,0,36,0,0,0,0,0,0,0,0,0,0,0,4,0,0,0,0,0,0,4.8,0,0,0,0,0,0,0,0,0,0,0,5
0,0,0,22.56,0,0,0,0,33.84,0,0,6,0,33.84,0,0,0,0,0,0,0,0,0,0,3.76,0,0,0,0,0,0,0,0,0,0,0,0,0,0,0,0,0,0,0,2
0,0,0,19.2,0,0,0,0,28.8,0,0,0,0,43.2,0,0,0,0,0,0,0,0,0,0,0,4,0,0,0,0,0,0,4.8,0,0,0,0,0,0,0,0,0,0,0,4
0,0,0,22.56,0,0,0,0,27.072,0,0,6,0,40.608,0,0,0,0,0,0,0,0,0,0,3.76,0,0,0,0,0,0,0,0,0,0,0,0,0,0,0,0,0,0,0,2
0,0,0,19.2,0,0,0,0,21.6,0,0,0,0,50.4,0,0,0,0,0,0,0,0,0,0,0,4,0,0,0,0,0,0,4.8,0,0,0,0,0,0,0,0,0,0,0,3.5
0,0,0,22.56,0,0,0,0,20.304,0,0,6,0,47.376,0,0,0,0,0,0,0,0,0,0,3.76,0,0,0,0,0,0,0,0,0,0,0,0,0,0,0,0,0,0,0,2
0,0,0,19.2,0,0,0,0,14.4,0,0,0,0,57.6,0,0,0,0,0,0,0,0,0,0,0,4,0,0,0,0,0,0,4.8,0,0,0,0,0,0,0,0,0,0,0,2.5
0,0,0,22.56,0,0,0,0,13.536,0,0,6,0,54.144,0,0,0,0,0,0,0,0,0,0,3.76,0,0,0,0,0,0,0,0,0,0,0,0,0,0,0,0,0,0,0,3
0,0,0,19.2,0,0,0,0,7.2,0,0,0,0,64.8,0,0,0,0,0,0,0,0,0,0,0,4,0,0,0,0,0,0,4.8,0,0,0,0,0,0,0,0,0,0,0,2
0,0,0,22.56,0,0,0,0,6.768,0,0,6,0,60.912,0,0,0,0,0,0,0,0,0,0,3.76,0,0,0,0,0,0,0,0,0,0,0,0,0,0,0,0,0,0,0,2
0,0,0,19.2,0,0,0,0,0,0,0,0,0,28.8,0,0,0,0,0,0,0,0,0,0,0,4,0,43.2,0,0,0,0,4.8,0,0,0,0,0,0,0,0,0,0,0,3
0,0,0,19.2,0,0,0,0,0,0,0,0,0,21.6,0,0,0,0,0,0,0,0,0,0,0,4,0,50.4,0,0,0,0,4.8,0,0,0,0,0,0,0,0,0,0,0,2.5
0,0,0,19.2,0,0,0,0,0,0,0,0,0,14.4,0,0,0,0,0,0,0,0,0,0,0,4,0,57.6,0,0,0,0,4.8,0,0,0,0,0,0,0,0,0,0,0,2
0,0,0,19.2,0,0,0,0,0,0,0,0,0,7.2,0,0,0,0,0,0,0,0,0,0,0,4,0,64.8,0,0,0,0,4.8,0,0,0,0,0,0,0,0,0,0,0,1
0,0,0,18.432,0,0,0,0,27.648,4,0,0,0,41.472,0,0,0,0,0,0,0,0,0,0,0,3.84,0,0,0,0,0,0,4.608,0,0,0,0,0,0,0,0,0,0,0,3
0,0,0,18.624,0,0,0,0,27.936,3,0,0,0,41.904,0,0,0,0,0,0,0,0,0,0,0,3.88,0,0,0,0,0,0,4.656,0,0,0,0,0,0,0,0,0,0,0,3.5
0,0,0,18.816,0,0,0,0,28.224,2,0,0,0,42.336,0,0,0,0,0,0,0,0,0,0,0,3.92,0,0,0,0,0,0,4.704,0,0,0,0,0,0,0,0,0,0,0,4
0,0,0,19.008,0,0,0,0,28.512,1,0,0,0,42.768,0,0,0,0,0,0,0,0,0,0,0,3.96,0,0,0,0,0,0,4.752,0,0,0,0,0,0,0,0,0,0,0,4
10,30,0,0,0,0,60,0,0,0,0,0,0,0,0,0,0,0,0,0,0,0,0,0,0,0,0,0,0,0,0,0,0,0,0,0,0,0,0,0,0,0,0,0,2
30.8,0,0,0,0,0,30.7,0,0,0,15.4,0,0,0,0,0,0,0,0,0,0,0,23.1,0,0,0,0,0,0,0,0,0,0,0,0,0,0,0,0,0,0,0,0,0,3
30.8,0,0,0,0,0,30.7,0,0,0,7.7,0,0,0,0,0,0,0,0,0,0,0,30.8,0,0,0,0,0,0,0,0,0,0,0,0,0,0,0,0,0,0,0,0,0,3
38.4,0,0,0,0,0,23.1,0,0,0,7.7,0,0,0,0,0,0,0,0,0,0,0,30.8,0,0,0,0,0,0,0,0,0,0,0,0,0,0,0,0,0,0,0,0,0,4
38.4,0,0,0,0,0,30.8,0,0,0,0,0,0,0,0,0,0,0,0,0,0,0,30.8,0,0,0,0,0,0,0,0,0,0,0,0,0,0,0,0,0,0,0,0,0,0.5
38.4,0,0,0,0,0,23.2,0,0,0,0,0,0,0,0,0,0,0,0,0,0,0,38.4,0,0,0,0,0,0,0,0,0,0,0,0,0,0,0,0,0,0,0,0,0,1.5
38.4,0,0,0,0,0,15.4,0,0,0,7.7,0,0,0,0,0,0,0,0,0,0,0,38.5,0,0,0,0,0,0,0,0,0,0,0,0,0,0,0,0,0,0,0,0,0,0.5
38.5,0,0,0,0,0,30.8,0,0,0,7.7,0,0,0,0,0,0,0,0,0,0,0,23,0,0,0,0,0,0,0,0,0,0,0,0,0,0,0,0,0,0,0,0,0,3
46.2,0,0,0,0,0,30.7,0,0,0,7.7,0,0,0,0,0,0,0,0,0,0,0,15.4,0,0,0,0,0,0,0,0,0,0,0,0,0,0,0,0,0,0,0,0,0,1
46.2,0,0,0,0,0,23,0,0,0,7.7,0,0,0,0,0,0,0,0,0,0,0,23.1,0,0,0,0,0,0,0,0,0,0,0,0,0,0,0,0,0,0,0,0,0,3
46.2,0,0,0,0,0,38.4,0,0,0,0,0,0,0,0,0,0,0,0,0,0,0,15.4,0,0,0,0,0,0,0,0,0,0,0,0,0,0,0,0,0,0,0,0,0,0.3
46.2,0,0,0,0,0,30.7,0,0,0,0,0,0,0,0,0,0,0,0,0,0,0,23.1,0,0,0,0,0,0,0,0,0,0,0,0,0,0,0,0,0,0,0,0,0,1
50,0,0,0,0,0,30.8,0,0,0,7.7,0,0,0,0,0,0,0,0,0,0,0,11.5,0,0,0,0,0,0,0,0,0,0,0,0,0,0,0,0,0,0,0,0,0,1.5
50,0,0,0,0,0,23.1,0,0,0,7.7,0,0,0,0,0,0,0,0,0,0,0,19.2,0,0,0,0,0,0,0,0,0,0,0,0,0,0,0,0,0,0,0,0,0,1.5
53.8,0,0,0,0,0,30.8,0,0,0,0,0,0,0,0,0,0,0,0,0,0,0,15.4,0,0,0,0,0,0,0,0,0,0,0,0,0,0,0,0,0,0,0,0,0,1
53.8,0,0,0,0,0,23.1,0,0,0,0,0,0,0,0,0,0,0,0,0,0,0,23.1,0,0,0,0,0,0,0,0,0,0,0,0,0,0,0,0,0,0,0,0,0,1
53.8,0,0,0,0,0,23.1,0,0,0,7.7,0,0,0,0,0,0,0,0,0,0,0,15.4,0,0,0,0,0,0,0,0,0,0,0,0,0,0,0,0,0,0,0,0,0,0.5
53.8,0,0,0,0,0,15.4,0,0,0,7.7,0,0,0,0,0,0,0,0,0,0,0,23.1,0,0,0,0,0,0,0,0,0,0,0,0,0,0,0,0,0,0,0,0,0,0.5
53.8,0,0,0,0,0,30.8,0,0,0,7.7,0,0,0,0,0,0,0,0,0,0,0,7.7,0,0,0,0,0,0,0,0,0,0,0,0,0,0,0,0,0,0,0,0,0,0.3
61.5,0,0,0,0,0,23.1,0,0,0,0,0,0,0,0,0,0,0,0,0,0,0,15.4,0,0,0,0,0,0,0,0,0,0,0,0,0,0,0,0,0,0,0,0,0,1
61.5,0,0,0,0,0,15.4,0,0,0,0,0,0,0,0,0,0,0,0,0,0,0,23.1,0,0,0,0,0,0,0,0,0,0,0,0,0,0,0,0,0,0,0,0,0,0.5
0,33.6,0,0,0,0,66.4,0,0,0,0,0,0,0,0,0,0,0,0,0,0,0,0,0,0,0,0,0,0,0,0,0,0,0,0,0,0,0,0,0,0,0,0,0,1
8,8,2,0,0,0,0,0,0,0,34,0,0,0,0,0,0,0,0,0,0,0,0,0,0,0,0,0,0,0,0,0,0,0,0,0,0,0,0,0,0,0,0,48,20
5,0,46,0,0,0,0,0,0,0,29,0,0,0,0,0,0,0,0,0,0,0,0,0,0,0,0,0,0,0,0,0,20,0,0,0,0,0,0,0,0,0,0,0,1
5.5,0,49,0,0,0,0,0,0,0,26.9,0,0,0,0,0,0,0,0,0,0,0,0,0,0,0,0,0,0,2.3,0,0,16.3,0,0,0,0,0,0,0,0,0,0,0,5
8,8,4,0,0,0,0,0,0,0,32,0,0,0,0,0,0,0,0,0,0,0,0,0,0,0,0,0,0,0,0,0,0,0,0,0,0,0,0,0,0,0,0,48,20
8,8,6,0,0,0,0,0,0,0,30,0,0,0,0,0,0,0,0,0,0,0,0,0,0,0,0,0,0,0,0,0,0,0,0,0,0,0,0,0,0,0,0,48,15
0,0,52,0,0,0,0,0,0,0,29.2,0,0,0,0,0,0,0,0,0,0,0,0,0,0,0,0,0,0,2.3,0,0,16.5,0,0,0,0,0,0,0,0,0,0,0,2
0,0,55,0,0,0,0,0,0,0,25,0,0,0,0,0,0,0,0,0,0,0,0,0,0,0,0,0,0,0,0,0,20,0,0,0,0,0,0,0,0,0,0,0,0.5
0,0,0,0,0,0,30,0,0,0,45,0,0,0,0,0,0,0,0,0,0,0,25,0,0,0,0,0,0,0,0,0,0,0,0,0,0,0,0,0,0,0,0,0,2.5
0,0,0,0,0,0,35,0,0,0,40,0,0,0,0,0,0,0,0,0,0,0,25,0,0,0,0,0,0,0,0,0,0,0,0,0,0,0,0,0,0,0,0,0,3.5
0,0,0,0,0,0,40,0,0,0,35,0,0,0,0,0,0,0,0,0,0,0,25,0,0,0,0,0,0,0,0,0,0,0,0,0,0,0,0,0,0,0,0,0,4
0,0,0,0,0,0,40,0,0,0,30,0,0,0,0,0,0,0,0,0,0,0,30,0,0,0,0,0,0,0,0,0,0,0,0,0,0,0,0,0,0,0,0,0,0.5
0,0,0,0,0,0,45,0,0,0,36,0,0,0,0,0,0,0,0,0,0,0,19,0,0,0,0,0,0,0,0,0,0,0,0,0,0,0,0,0,0,0,0,0,0.5
0,0,0,0,0,0,45,0,0,0,30,0,0,0,0,0,0,0,0,0,0,0,25,0,0,0,0,0,0,0,0,0,0,0,0,0,0,0,0,0,0,0,0,0,6
0,0,0,0,0,0,45,0,0,0,25,0,0,0,0,0,0,0,0,0,0,0,30,0,0,0,0,0,0,0,0,0,0,0,0,0,0,0,0,0,0,0,0,0,1
0,0,0,0,0,0,47.5,0,0,0,30,0,0,0,0,0,0,0,0,0,0,0,22.5,0,0,0,0,0,0,0,0,0,0,0,0,0,0,0,0,0,0,0,0,0,6
0,0,0,0,0,0,47,0,0,0,27,0,0,0,0,0,0,0,0,0,0,0,19,0,0,0,0,0,0,0,0,0,0,0,0,0,0,0,0,0,0,0,7,0,6
0,0,0,0,0,0,50,0,0,0,25,0,0,0,0,0,0,0,0,0,0,0,10,0,0,0,0,0,0,0,0,0,0,0,0,0,0,0,0,0,0,0,15,0,2
0,0,0,0,0,0,50,0,0,0,25,0,0,0,0,0,0,0,0,0,0,0,15,0,0,0,0,0,0,0,0,0,0,0,0,0,0,0,0,0,0,0,10,0,10
0,0,0,0,0,0,50,0,0,0,30,0,0,0,0,0,0,0,0,0,0,0,20,0,0,0,0,0,0,0,0,0,0,0,0,0,0,0,0,0,0,0,0,0,8
0,0,0,0,0,0,50,0,0,0,27.5,0,0,0,0,0,0,0,0,0,0,0,22.5,0,0,0,0,0,0,0,0,0,0,0,0,0,0,0,0,0,0,0,0,0,10
0,0,0,0,0,0,50,0,0,0,25,0,0,0,0,0,0,0,0,0,0,0,25,0,0,0,0,0,0,0,0,0,0,0,0,0,0,0,0,0,0,0,0,0,9
0,0,0,0,0,0,50,0,0,0,20,0,0,0,0,0,0,0,0,0,0,0,30,0,0,0,0,0,0,0,0,0,0,0,0,0,0,0,0,0,0,0,0,0,2
0,0,0,0,0,0,53,0,0,0,24,0,0,0,0,0,0,0,0,0,0,0,23,0,0,0,0,0,0,0,0,0,0,0,0,0,0,0,0,0,0,0,0,0,7
0,0,0,0,0,0,55,0,0,0,35,0,0,0,0,0,0,0,0,0,0,0,10,0,0,0,0,0,0,0,0,0,0,0,0,0,0,0,0,0,0,0,0,0,0.5
0,0,0,0,0,0,55,0,0,0,30,0,0,0,0,0,0,0,0,0,0,0,15,0,0,0,0,0,0,0,0,0,0,0,0,0,0,0,0,0,0,0,0,0,3
0,0,0,0,0,0,55,0,0,0,0,0,0,0,0,0,0,0,0,0,0,0,15,0,0,0,0,0,0,0,0,0,0,0,0,0,0,0,0,0,0,0,30,0,0.5
0,0,0,0,0,0,55,0,0,0,0,0,0,0,0,0,0,0,0,0,0,0,18,0,0,0,0,0,0,0,0,0,0,0,0,0,0,0,0,0,0,0,27,0,0.5
0,0,0,0,0,0,55,0,0,0,25,0,0,0,0,0,0,0,0,0,0,0,20,0,0,0,0,0,0,0,0,0,0,0,0,0,0,0,0,0,0,0,0,0,2
0,0,0,0,0,0,55,0,0,0,0,0,0,0,0,0,0,0,0,0,0,0,20,0,0,0,0,0,0,0,0,0,0,0,0,0,0,0,0,0,0,0,25,0,2
0,0,0,0,0,0,55,0,0,0,20,0,0,0,0,0,0,0,0,0,0,0,25,0,0,0,0,0,0,0,0,0,0,0,0,0,0,0,0,0,0,0,0,0,8
0,0,0,0,0,0,55,0,0,0,0,0,0,0,0,0,0,0,0,0,0,0,25,0,0,0,0,0,0,0,0,0,0,0,0,0,0,0,0,0,0,0,20,0,1
0,0,0,0,0,0,58,0,0,0,24,0,0,0,0,0,0,0,0,0,0,0,18,0,0,0,0,0,0,0,0,0,0,0,0,0,0,0,0,0,0,0,0,0,6
0,0,0,0,0,0,50,0,0,0,10,0,0,0,0,0,0,0,0,0,0,0,25,0,0,0,0,0,0,0,0,0,0,0,0,0,0,0,0,0,0,0,15,0,8
0,0,0,0,0,0,55,0,0,0,23,0,0,0,0,0,0,0,0,0,0,0,11,0,0,0,0,0,0,0,0,0,0,0,0,0,0,0,0,0,0,0,11,0,1
0,0,0,0,0,0,60,0,0,0,0,0,0,0,0,0,0,0,0,0,0,0,10,0,0,0,0,0,0,0,0,0,0,0,0,0,0,0,0,0,0,0,30,0,0.5
0,0,0,0,0,0,60,0,0,0,27,0,0,0,0,0,0,0,0,0,0,0,13,0,0,0,0,0,0,0,0,0,0,0,0,0,0,0,0,0,0,0,0,0,1
0,0,0,0,0,0,60,0,0,0,25,0,0,0,0,0,0,0,0,0,0,0,15,0,0,0,0,0,0,0,0,0,0,0,0,0,0,0,0,0,0,0,0,0,1
0,0,0,0,0,0,60,0,0,0,0,0,0,0,0,0,0,0,0,0,0,0,15,0,0,0,0,0,0,0,0,0,0,0,0,0,0,0,0,0,0,0,25,0,6
0,0,0,0,0,0,60,0,0,0,0,0,0,0,0,0,0,0,0,0,0,0,17.5,0,0,0,0,0,0,0,0,0,0,0,0,0,0,0,0,0,0,0,22.5,0,10
0,0,0,0,0,0,60,0,0,0,20,0,0,0,0,0,0,0,0,0,0,0,20,0,0,0,0,0,0,0,0,0,0,0,0,0,0,0,0,0,0,0,0,0,4
0,0,0,0,0,0,60,0,0,0,0,0,0,0,0,0,0,0,0,0,0,0,20,0,0,0,0,0,0,0,0,0,0,0,0,0,0,0,0,0,0,0,20,0,4
0,0,0,0,0,0,60,0,0,0,15,0,0,0,0,0,0,0,0,0,0,0,25,0,0,0,0,0,0,0,0,0,0,0,0,0,0,0,0,0,0,0,0,0,2
0,0,0,0,0,0,60,0,0,0,0,0,0,0,0,0,0,0,0,0,0,0,25,0,0,0,0,0,0,0,0,0,0,0,0,0,0,0,0,0,0,0,15,0,1
0,0,0,0,0,0,62.5,0,0,0,0,0,0,0,0,0,0,0,0,0,0,0,17.5,0,0,0,0,0,0,0,0,0,0,0,0,0,0,0,0,0,0,0,20,0,10
0,32,0,0,0,0,63,0,0,0,5,0,0,0,0,0,0,0,0,0,0,0,0,0,0,0,0,0,0,0,0,0,0,0,0,0,0,0,0,0,0,0,0,0,2
0,0,0,0,0,0,65,0,0,0,25,0,0,0,0,0,0,0,0,0,0,0,10,0,0,0,0,0,0,0,0,0,0,0,0,0,0,0,0,0,0,0,0,0,2
0,0,0,0,0,0,65,0,0,0,0,0,0,0,0,0,0,0,0,0,0,0,10,0,0,0,0,0,0,0,0,0,0,0,0,0,0,0,0,0,0,0,25,0,2
0,0,0,0,0,0,65,0,0,0,20,0,0,0,0,0,0,0,0,0,0,0,15,0,0,0,0,0,0,0,0,0,0,0,0,0,0,0,0,0,0,0,0,0,4
0,0,0,0,0,0,65,0,0,0,0,0,0,0,0,0,0,0,0,0,0,0,15,0,0,0,0,0,0,0,0,0,0,0,0,0,0,0,0,0,0,0,20,0,6
0,0,0,0,0,0,65,0,0,0,15,0,0,0,0,0,0,0,0,0,0,0,20,0,0,0,0,0,0,0,0,0,0,0,0,0,0,0,0,0,0,0,0,0,2
0,0,0,0,0,0,65,0,0,0,0,0,0,0,0,0,0,0,0,0,0,0,20,0,0,0,0,0,0,0,0,0,0,0,0,0,0,0,0,0,0,0,15,0,5
0,0,0,0,0,0,65,0,0,0,10,0,0,0,0,0,0,0,0,0,0,0,25,0,0,0,0,0,0,0,0,0,0,0,0,0,0,0,0,0,0,0,0,0,0.5
0,0,0,0,0,0,65,0,0,0,0,0,0,0,0,0,0,0,0,0,0,0,25,0,0,0,0,0,0,0,0,0,0,0,0,0,0,0,0,0,0,0,10,0,0.5
0,0,0,0,0,0,65,0,0,0,0,0,0,0,0,0,0,0,0,0,9.96,0,8.54,0,0,0,0,0,0,0,0,0,0,0,0,0,0,0,0,0,0,0,16.5,0,5
0,0,0,0,0,0,65,0,0,0,30,0,0,0,0,0,0,0,0,0,0,0,5,0,0,0,0,0,0,0,0,0,0,0,0,0,0,0,0,0,0,0,0,0,0.5
0,0,0,0,0,0,70,0,0,0,20,0,0,0,0,0,0,0,0,0,0,0,10,0,0,0,0,0,0,0,0,0,0,0,0,0,0,0,0,0,0,0,0,0,1
0,0,0,0,0,0,70,0,0,0,0,0,0,0,0,0,0,0,0,0,0,0,10,0,0,0,0,0,0,0,0,0,0,0,0,0,0,0,0,0,0,0,20,0,0.5
0,0,0,0,0,0,70,0,0,0,0,0,0,0,0,0,0,0,0,0,0,0,15,0,0,0,0,0,0,0,0,0,0,0,0,0,0,0,0,0,0,0,15,0,0.5
0,0,0,0,0,0,70,0,0,0,10,0,0,0,0,0,0,0,0,0,0,0,20,0,0,0,0,0,0,0,0,0,0,0,0,0,0,0,0,0,0,0,0,0,0.5
0,10,0,0,0,0,0,68,0,0,20,0,0,2,0,0,0,0,0,0,0,0,0,0,0,0,0,0,0,0,0,0,0,0,0,0,0,0,0,0,0,0,0,0,5
0,10,0,0,0,0,0,70,0,0,20,0,0,0,0,0,0,0,0,0,0,0,0,0,0,0,0,0,0,0,0,0,0,0,0,0,0,0,0,0,0,0,0,0,2
0,15,0,0,0,0,0,70,0,0,15,0,0,0,0,0,0,0,0,0,0,0,0,0,0,0,0,0,0,0,0,0,0,0,0,0,0,0,0,0,0,0,0,0,2
0,0,0,31.5,0,0,0,0,43,0,0,0,0,20,0,0,0,0,0,0,0,0,0,0,0,0,0,0,0,0,0,0,0,0,0,5.5,0,0,0,0,0,0,0,0,2
0,0,0,6,0,15,0,0,48,15,0,0,2,0,0,0,0,0,0,0,0,0,0,0,14,0,0,0,0,0,0,0,0,0,0,0,0,0,0,0,0,0,0,0,10
0,0,0,6,0,15,0,0,50,15,0,0,0,0,0,0,0,0,0,0,0,0,0,0,14,0,0,0,0,0,0,0,0,0,0,0,0,0,0,0,0,0,0,0,2
0,0,0,0,0,0,33.3,0,0,0,33.3,0,0,0,0,0,0,0,0,0,0,0,33.3,0,0,0,0,0,0,0,0,0,0,0,0,0,0,0,0,0,0,0,0,0,3
8,8,0,0,0,0,0,0,0,0,34,0,0,0,0,0,0,0,0,0,0,0,0,0,0,0,0,0,0,0,0,0,0,0,0,0,0,0,0,0,0,0,0,50,15
25,0,0,0,0,0,0,0,0,0,35,0,0,0,0,0,0,0,0,0,0,0,0,0,0,0,0,0,0,0,0,0,0,0,0,0,0,10,0,0,0,0,0,30,2
0,0,0,0,0,0,36.4,0,0,0,36.4,0,0,0,0,0,0,0,0,0,0,0,27.2,0,0,0,0,0,0,0,0,0,0,0,0,0,0,0,0,0,0,0,0,0,8
0,0,0,0,0,0,31.8,0,0,0,36.4,0,0,0,0,0,0,0,0,0,0,0,31.8,0,0,0,0,0,0,0,0,0,0,0,0,0,0,0,0,0,0,0,0,0,8
0,0,0,0,0,0,27.2,0,0,0,36.4,0,0,0,0,0,0,0,0,0,0,0,36.4,0,0,0,0,0,0,0,0,0,0,0,0,0,0,0,0,0,0,0,0,0,5
8,8,0,0,0,0,0,0,0,0,38,0,0,0,0,0,0,0,0,0,0,0,0,0,0,0,0,0,0,0,0,0,0,0,0,0,0,0,0,0,0,0,0,46,20
0,0,0,0,0,0,40.9,0,0,0,40.9,0,0,0,0,0,0,0,0,0,0,0,18.2,0,0,0,0,0,0,0,0,0,0,0,0,0,0,0,0,0,0,0,0,0,3
0,0,0,0,0,0,36.4,0,0,0,40.9,0,0,0,0,0,0,0,0,0,0,0,22.7,0,0,0,0,0,0,0,0,0,0,0,0,0,0,0,0,0,0,0,0,0,5
0,0,0,0,0,0,31.8,0,0,0,40.9,0,0,0,0,0,0,0,0,0,0,0,27.3,0,0,0,0,0,0,0,0,0,0,0,0,0,0,0,0,0,0,0,0,0,4
0,0,0,0,0,0,27.3,0,0,0,40.9,0,0,0,0,0,0,0,0,0,0,0,31.8,0,0,0,0,0,0,0,0,0,0,0,0,0,0,0,0,0,0,0,0,0,3
0,0,0,0,0,0,22.7,0,0,0,40.9,0,0,0,0,0,0,0,0,0,0,0,36.4,0,0,0,0,0,0,0,0,0,0,0,0,0,0,0,0,0,0,0,0,0,1.5
20,0,0,0,0,0,0,0,0,0,40,0,0,0,0,0,0,0,0,0,0,0,0,0,0,0,0,0,0,0,0,0,0,0,0,0,0,10,0,0,0,0,0,30,3
10,10,0,0,0,0,0,0,0,0,40,0,0,0,0,0,0,0,0,0,0,0,0,0,0,0,0,0,0,0,0,0,0,0,0,0,0,0,0,0,0,0,0,40,3
8,8,0,0,0,0,0,0,0,0,40,0,0,0,0,0,0,0,0,0,0,0,0,0,0,0,0,0,0,0,0,0,0,0,0,0,0,0,0,0,0,0,0,44,15
16,0,0,0,0,0,0,0,0,0,42,0,0,0,0,0,0,0,0,0,0,0,0,0,0,0,0,0,0,0,0,0,0,0,0,0,0,0,0,0,0,0,0,42,2
8,8,0,0,0,0,0,0,0,0,42,0,0,0,0,0,0,0,0,0,0,0,0,0,0,0,0,0,0,0,0,0,0,0,0,0,0,0,0,0,0,0,0,42,12
7,0,0,0,0,0,0,0,0,0,43,0,0,0,0,0,0,0,0,0,0,0,0,0,0,0,0,0,0,0,0,0,0,0,0,0,0,10,0,0,0,0,0,40,7
7,0,0,0,0,0,0,0,0,0,43,0,0,0,0,0,0,0,7,0,0,0,0,0,0,0,0,0,0,0,0,0,0,0,0,0,0,0,0,0,0,0,0,43,5
7,0,0,0,0,0,0,0,0,0,43,0,0,0,0,0,0,0,0,0,0,0,0,0,0,0,0,0,0,0,0,0,0,0,0,0,0,7,0,0,0,0,0,43,5
7,7,0,0,0,0,0,0,0,0,43,0,0,0,0,0,0,0,0,0,0,0,0,0,0,0,0,0,0,0,0,0,0,0,0,0,0,0,0,0,0,0,0,43,8
0,7,0,0,7,0,0,0,0,0,43,0,0,0,0,0,0,0,0,0,0,0,0,0,0,0,0,0,0,0,0,0,0,0,0,0,0,0,0,0,0,0,0,43,12
12,0,0,0,0,0,0,0,0,0,44,0,0,0,0,0,0,0,0,0,0,0,0,0,0,0,0,0,0,0,0,0,0,0,0,0,0,0,0,0,0,0,0,44,4
0,0,0,0,0,0,36.4,0,0,0,45.5,0,0,0,0,0,0,0,0,0,0,0,18.1,0,0,0,0,0,0,0,0,0,0,0,0,0,0,0,0,0,0,0,0,0,3
0,0,0,0,0,0,31.8,0,0,0,45.5,0,0,0,0,0,0,0,0,0,0,0,22.7,0,0,0,0,0,0,0,0,0,0,0,0,0,0,0,0,0,0,0,0,0,3
0,0,0,0,0,0,27.2,0,0,0,45.5,0,0,0,0,0,0,0,0,0,0,0,27.3,0,0,0,0,0,0,0,0,0,0,0,0,0,0,0,0,0,0,0,0,0,1.5
0,0,0,0,0,0,22.7,0,0,0,45.5,0,0,0,0,0,0,0,0,0,0,0,31.8,0,0,0,0,0,0,0,0,0,0,0,0,0,0,0,0,0,0,0,0,0,1.25
0,0,0,0,0,0,18.1,0,0,0,45.5,0,0,0,0,0,0,0,0,0,0,0,36.4,0,0,0,0,0,0,0,0,0,0,0,0,0,0,0,0,0,0,0,0,0,2
6,6,0,0,0,0,0,0,0,0,44,0,0,0,0,0,0,0,0,0,0,0,0,0,0,0,0,0,0,0,0,0,0,0,0,0,0,0,0,0,0,0,0,44,10
15,0,0,0,0,0,0,0,0,0,45,0,0,0,0,0,0,0,0,0,0,0,0,0,0,0,0,0,0,0,0,0,0,0,0,0,0,10,0,0,0,0,0,30,5
10,0,0,0,0,0,0,0,0,0,45,0,0,0,0,0,0,0,0,0,0,0,0,0,0,0,0,5,0,0,0,0,0,0,0,0,0,10,0,0,0,0,0,30,5
10,0,0,0,0,0,0,0,0,0,45,0,0,0,0,0,30,0,0,0,0,0,0,0,0,0,0,0,0,0,0,0,0,0,0,0,0,0,0,0,0,0,0,15,2
10,0,0,0,0,0,0,0,0,0,45,0,0,0,0,0,20,0,0,0,0,0,0,0,0,0,0,0,0,0,0,0,0,0,0,0,0,0,0,0,0,0,0,25,3
10,0,0,0,0,0,0,0,0,0,45,0,0,0,0,0,10,0,0,0,0,0,0,0,0,0,0,0,0,0,0,0,0,0,0,0,0,0,0,0,0,0,0,35,4
10,0,0,0,0,0,0,0,0,0,45,0,0,0,0,0,0,0,0,0,0,0,0,0,0,0,0,0,0,0,0,0,0,0,0,0,0,0,0,0,0,0,0,45,6
3,7,0,0,0,0,0,0,0,0,45,0,0,0,0,0,0,0,0,0,0,0,0,0,0,0,0,0,0,0,0,0,0,0,0,0,0,0,0,0,0,0,0,45,8
5,5,0,0,0,0,0,0,0,0,45,0,0,0,0,0,0,0,0,0,0,0,0,0,0,0,0,0,0,0,0,0,0,0,0,0,0,0,0,0,0,0,0,45,9
7,3,0,0,0,0,0,0,0,0,45,0,0,0,0,0,0,0,0,0,0,0,0,0,0,0,0,0,0,0,0,0,0,0,0,0,0,0,0,0,0,0,0,45,7
0,7,0,0,0,0,0,0,0,0,45,0,0,0,0,0,0,0,0,0,0,0,0,0,0,0,0,0,0,0,0,0,0,0,0,0,0,0,0,0,0,0,0,48,5
11.6,0,0,0,0,0,0,0,0,0,46.4,0,0,0,0,0,0,0,0,0,0,0,0,0,0,0,0,0,0,0,0,0,0,0,0,0,0,7,0,0,0,0,0,35,6
0,7,0,0,0,0,0,0,0,0,46,0,0,0,0,0,0,0,0,0,0,0,0,0,0,0,0,0,0,0,0,0,0,0,0,0,0,0,0,0,10,0,0,37,4
0,7,0,0,0,0,0,0,0,0,46,0,0,0,0,0,0,0,0,0,0,0,0,0,0,0,0,0,0,0,0,0,0,0,0,0,0,0,0,0,5,0,0,42,10
0,7,0,0,0,0,0,0,0,0,46,0,0,0,0,0,0,0,0,0,0,0,0,0,0,0,0,0,0,0,0,0,0,0,0,0,0,0,0,0,2,0,0,45,8
8,0,0,0,0,0,0,0,0,0,46,0,0,0,0,0,0,0,0,0,0,0,0,0,0,0,0,0,0,0,0,0,0,0,0,0,0,0,0,0,0,0,0,46,4
0,0,0,0,0,0,0,0,0,0,46,0,0,0,0,0,0,0,0,0,0,0,0,0,0,0,0,0,0,0,0,0,0,0,0,0,0,0,0,0,0,0,0,54,2
0,0,0,0,0,0,0,0,0,0,47,0,0,0,0,0,0,0,0,0,0,0,0,0,0,0,0,13,0,0,0,0,0,0,0,0,0,10,0,0,0,0,0,30,1
0,0,0,0,0,0,0,0,0,0,47,0,0,0,0,0,0,0,0,0,0,0,0,0,0,11,0,8,0,0,0,0,1,0,0,0,0,33,0,0,0,0,0,0,0.5
0,0,0,0,0,0,0,0,0,0,47,0,0,0,0,0,0,0,0,0,0,0,0,0,0,0,0,8,0,0,0,0,1,0,0,0,0,33,0,0,0,0,0,11,4
0,0,0,0,0,0,0,0,0,0,47,0,0,0,0,0,0,0,0,0,0,0,0,0,0,0,0,6,0,0,0,0,1,0,2,0,0,33,0,0,0,0,0,11,6
0,0,0,0,0,0,0,0,0,0,47,0,0,0,0,0,0,0,0,0,0,0,0,0,0,8,0,8,0,0,0,0,1,0,0,0,0,33,0,0,0,0,0,3,1
0,0,0,0,0,0,0,0,0,0,47,0,0,0,0,0,0,0,0,0,0,0,0,0,0,6,0,8,0,0,0,0,1,0,0,0,0,33,0,0,0,0,0,5,2
0,0,0,0,0,0,0,0,0,0,47,0,0,0,0,0,0,0,0,0,0,0,0,0,0,4,0,8,0,0,0,0,1,0,0,0,0,33,0,0,0,0,0,7,5
0,0,0,0,0,0,0,0,0,0,47,0,0,0,0,0,0,0,0,0,0,0,0,0,0,2,0,8,0,0,0,0,1,0,0,0,0,33,0,0,0,0,0,9,5
3,7,0,0,0,0,0,0,0,0,47,0,0,0,0,0,0,0,0,0,0,0,0,0,0,0,0,0,0,0,0,0,0,0,0,0,0,0,0,0,0,0,0,43,5
0,7,0,0,3,0,0,0,0,0,47,0,0,0,0,0,0,0,0,0,0,0,0,0,0,0,0,0,0,0,0,0,0,0,0,0,0,0,0,0,0,0,0,43,6
4,0,0,0,0,0,0,0,0,0,48,0,0,0,0,0,0,0,0,0,0,0,0,0,0,0,0,0,0,0,0,0,0,0,0,0,0,0,0,0,0,0,0,48,3
0,9,0,0,0,0,0,0,0,0,49,0,0,0,0,0,42,0,0,0,0,0,0,0,0,0,0,0,0,0,0,0,0,0,0,0,0,0,0,0,0,0,0,0,10
10,0,0,0,0,0,0,0,0,0,49,0,0,0,0,0,0,0,0,0,0,0,0,0,0,0,0,0,0,0,0,0,0,0,0,0,0,5,0,0,0,0,0,36,8
10,0,0,0,0,0,0,0,0,0,50,0,0,0,0,0,0,0,0,0,0,0,0,0,0,0,0,0,0,0,0,0,0,0,0,0,0,10,0,0,0,0,0,30,4
0,0,0,0,0,0,31.8,0,0,0,50,0,0,0,0,0,0,0,0,0,0,0,18.2,0,0,0,0,0,0,0,0,0,0,0,0,0,0,0,0,0,0,0,0,0,2
0,0,0,0,0,0,27.3,0,0,0,50,0,0,0,0,0,0,0,0,0,0,0,22.7,0,0,0,0,0,0,0,0,0,0,0,0,0,0,0,0,0,0,0,0,0,1.5
0,0,0,0,0,0,0,0,0,0,50,0,0,0,0,0,0,0,0,0,0,0,0,0,0,0,0,0,0,0,0,0,0,0,0,0,0,7.5,0,0,0,0,0,42.5,5
0,7,0,0,0,0,0,0,0,0,50,0,0,0,0,0,0,0,0,0,0,0,0,0,0,0,0,0,0,0,0,0,0,0,0,0,0,0,0,0,0,0,0,43,10
0,0,0,0,0,0,0,0,0,0,50,0,0,0,0,0,0,0,0,0,0,0,0,0,0,0,0,0,0,0,0,0,0,0,0,0,0,0,0,0,0,0,0,50,2
0,7.5,0,0,0,0,0,0,0,0,52.5,0,0,0,0,0,40,0,0,0,0,0,0,0,0,0,0,0,0,0,0,0,0,0,0,0,0,0,0,0,0,0,0,0,3
0,0,0,0,0,0,0,0,0,0,52.5,0,0,0,7.5,0,0,0,0,0,0,0,0,0,0,0,0,0,0,0,0,0,0,0,0,0,0,0,0,0,0,0,0,40,1.5
0,0,0,0,0,0,0,0,0,0,52.5,0,0,0,5,0,0,0,0,0,0,0,0,0,0,0,0,0,0,0,0,0,0,0,0,0,0,0,0,0,0,0,0,42.5,2
0,0,0,0,0,0,27.3,0,0,0,54.5,0,0,0,0,0,0,0,0,0,0,0,18.2,0,0,0,0,0,0,0,0,0,0,0,0,0,0,0,0,0,0,0,0,0,1
0,0,0,0,0,0,18.2,0,0,0,54.5,0,0,0,0,0,0,0,0,0,0,0,27.3,0,0,0,0,0,0,0,0,0,0,0,0,0,0,0,0,0,0,0,0,0,0.5
6,0,0,0,0,0,0,0,0,0,54,0,0,0,0,0,0,0,0,0,0,0,0,0,0,0,0,0,0,0,0,0,0,0,0,0,0,7,0,0,0,0,0,33,6
5,0,0,0,0,0,0,0,0,0,55,0,0,0,0,0,0,0,0,0,0,0,0,0,0,0,0,0,0,0,0,0,0,0,0,0,0,10,0,0,0,0,0,30,3
0,0,0,0,0,0,0,0,0,0,55,0,0,0,0,0,0,0,0,0,0,0,0,0,0,0,0,5,0,0,0,0,0,0,0,0,0,10,0,0,0,0,0,30,2
10,0,0,0,0,0,0,0,0,0,54,0,0,0,0,0,0,0,0,0,0,0,0,0,0,0,0,0,0,0,0,0,0,0,0,0,0,0,0,0,0,0,0,36,6
0,0,0,0,0,0,0,0,0,0,55,0,0,0,5,0,0,0,0,0,0,0,0,0,0,0,0,0,0,0,0,0,0,0,0,0,0,0,0,0,0,0,0,40,2
0,0,0,0,0,0,0,0,0,0,55,0,0,0,2.5,0,0,0,0,0,0,0,0,0,0,0,0,0,0,0,0,0,0,0,0,0,0,0,0,0,0,0,0,42.5,1
0,0,0,0,0,0,0,0,0,0,57.5,0,0,0,5,0,0,0,0,0,0,0,0,0,0,0,0,0,0,0,0,0,0,0,0,0,0,0,0,0,0,0,0,37.5,1
7,0,0,0,0,0,0,0,0,0,57,0,0,0,0,0,0,0,0,0,0,0,0,0,0,0,0,0,0,0,0,0,0,0,0,0,0,0,0,0,0,0,0,36,4
0,0,0,0,0,0,0,0,0,0,60,0,0,0,0,0,17.5,0,0,0,0,0,0,0,0,0,0,0,0,0,0,0,0,0,0,0,0,22.5,0,0,0,0,0,0,3
0,0,0,0,0,0,0,0,0,0,60,0,0,0,0,0,20,0,0,0,0,0,0,0,0,0,0,0,0,0,0,0,0,0,0,0,0,20,0,0,0,0,0,0,4
0,0,0,0,0,0,0,0,0,0,60,0,0,0,0,0,25,0,0,0,0,0,0,0,0,0,0,0,0,0,0,0,0,0,0,0,0,15,0,0,0,0,0,0,4
0,0,0,0,0,0,0,0,0,0,60,0,0,0,0,0,10,0,0,0,0,0,0,0,0,0,0,0,0,0,0,0,0,0,0,0,0,10,0,0,0,0,0,20,0.3
0,0,0,0,0,0,0,0,0,0,60,0,0,0,0,0,0,0,0,0,0,0,0,0,0,0,0,0,0,0,0,0,0,0,0,0,0,10,0,0,0,0,0,30,4
0,0,0,0,0,0,0,0,0,0,60,0,0,0,0,0,0,0,0,0,0,0,0,0,0,0,0,0,0,0,0,0,0,0,0,0,0,7,0,0,0,0,0,33,3
0,0,0,0,0,0,0,0,0,0,64,0,0,0,0,0,0,0,0,0,0,0,0,0,0,0,0,0,0,0,0,0,0,0,0,0,0,0,0,0,0,0,0,36,2
0,24,0,0,0,0,0,0,18,0,0,46,0,2,0,0,0,0,0,0,0,0,0,0,0,0,0,0,0,0,0,0,0,0,0,0,0,0,0,0,10,0,0,0,5
0,25,0,0,0,0,0,0,20,0,0,55,0,0,0,0,0,0,0,0,0,0,0,0,0,0,0,0,0,0,0,0,0,0,0,0,0,0,0,0,0,0,0,0,3
0,24,0,0,0,0,0,0,20,0,0,0,50,0,0,0,0,0,0,0,0,0,0,0,0,0,0,0,0,0,0,0,0,0,0,0,0,0,0,0,6,0,0,0,8
0,25,0,0,0,0,0,0,20,0,0,0,55,0,0,0,0,0,0,0,0,0,0,0,0,0,0,0,0,0,0,0,0,0,0,0,0,0,0,0,0,0,0,0,5
0,0,0,24,0,0,0,0,40,0,0,0,0,27,0,0,0,0,0,0,0,0,0,0,1.5,0,0,0,0,0,0,0,1.5,0,0,0,0,3,0,0,0,0,0,3,1.5
8,8,0,0,0,0,0,0,0,0,34,0,0,2,0,0,0,0,0,0,0,0,0,0,0,0,0,0,0,0,0,0,0,0,0,0,0,0,0,0,0,0,0,48,10
0,0,0,6,0,15,0,0,9,15,0,0,0,39,0,0,0,0,0,0,0,0,0,0,14,0,0,0,0,0,0,0,0,0,0,0,0,0,0,0,2,0,0,0,10
0,0,0,6,0,15,0,0,7,15,0,0,0,41,0,0,0,0,0,0,0,0,0,0,14,0,0,0,0,0,0,0,0,0,0,0,0,0,0,0,2,0,0,0,16
0,0,0,6,0,15,0,0,5,15,0,0,0,43,0,0,0,0,0,0,0,0,0,0,14,0,0,0,0,0,0,0,0,0,0,0,0,0,0,0,2,0,0,0,9
0,0,0,6,0,15,0,0,3,15,0,0,0,45,0,0,0,0,0,0,0,0,0,0,14,0,0,0,0,0,0,0,0,0,0,0,0,0,0,0,2,0,0,0,8
0,0,0,4,0,4,0,0,30,0,0,0,0,46,0,0,0,0,0,0,0,0,0,0,4,0,0,0,9,0,0,0,3,0,0,0,0,0,0,0,0,0,0,0,3
0,0,0,6,0,15,0,0,0,15,0,0,0,48,0,0,0,0,0,0,0,0,0,0,14,0,0,0,0,0,0,0,0,0,0,0,0,0,0,0,2,0,0,0,7
0,0,0,6,0,15,0,0,0,15,0,0,2,48,0,0,0,0,0,0,0,0,0,0,14,0,0,0,0,0,0,0,0,0,0,0,0,0,0,0,0,0,0,0,8
0,0,0,24,0,0,0,0,14.2,0,0,0,0,55.8,0,0,0,0,0,0,0,0,0,0,0,6,0,0,0,0,0,0,0,0,0,0,0,0,0,0,0,0,0,0,2
0,0,0,25,0,0,0,0,13.45,0,0,0,0,56.05,0,0,0,0,0,0,0,0,0,0,0,5.5,0,0,0,0,0,0,0,0,0,0,0,0,0,0,0,0,0,0,2.5
0,0,0,24,0,0,0,0,14.2,0,0,0,0,56.8,0,0,0,0,0,0,0,0,0,0,0,5,0,0,0,0,0,0,0,0,0,0,0,0,0,0,0,0,0,0,2
0,0,0,22,0,0,0,0,16,0,0,0,0,56,0,0,0,0,0,0,0,0,0,0,0,0,0,0,0,0,0,0,0,0,0,0,0,0,0,0,6,0,0,0,2.5
0,0,0,4,0,4,0,0,20,0,0,0,0,56,0,0,0,0,0,0,0,0,0,0,4,0,0,0,9,0,0,0,3,0,0,0,0,0,0,0,0,0,0,0,5
0,0,0,6,0,12,0,0,0,7,0,0,2,56,0,0,0,0,0,0,0,0,0,5,12,0,0,0,0,0,0,0,0,0,0,0,0,0,0,0,0,0,0,0,8
0,0,0,22,0,0,0,0,14,0,0,0,0,58,0,0,0,0,0,0,0,0,0,0,0,0,0,0,0,0,0,0,0,0,0,0,0,0,0,0,6,0,0,0,2.5
0,0,0,6,0,15,0,0,0,5,0,0,2,58,0,0,0,0,0,0,0,0,0,0,14,0,0,0,0,0,0,0,0,0,0,0,0,0,0,0,0,0,0,0,6
0,0,0,6,0,13,0,0,0,10,0,0,2,60,0,0,0,0,0,0,0,0,0,0,9,0,0,0,0,0,0,0,0,0,0,0,0,0,0,0,0,0,0,0,8
0,0,0,22,0,0,0,0,12,0,0,0,0,60,0,0,0,0,0,0,0,0,0,0,0,0,0,0,0,0,0,0,0,0,0,0,0,0,0,0,6,0,0,0,2.5
0,1,0,15,0,0,0,0,6,0,0,0,0,61,0,0,0,0,0,0,0,0,0,0,7,0,0,0,0,0,0,0,0,0,0,0,0,0,0,0,2,0,0,8,5
0,0,0,15,0,0,0,0,5,2,0,0,0,61,0,0,0,0,0,0,0,0,0,0,7,0,0,0,0,0,0,0,0,0,0,0,0,0,0,0,2,0,0,8,5
0,0,0,15,0,0,0,0,7,0,0,0,0,61,0,0,0,0,0,0,0,0,0,0,7,0,0,0,0,0,0,0,0,0,0,0,0,0,0,0,2,0,0,8,5
0,0,0,22,0,0,0,0,10,0,0,0,0,62,0,0,0,0,0,0,0,0,0,0,0,0,0,0,0,0,0,0,0,0,0,0,0,0,0,0,6,0,0,0,2.5
0,0,0,6,0,15,0,0,0,0,0,0,2,63,0,0,0,0,0,0,0,0,0,0,14,0,0,0,0,0,0,0,0,0,0,0,0,0,0,0,0,0,0,0,3
0,0,0,0,0,15,0,0,0,10,0,0,2,64,0,0,0,0,0,0,0,0,0,0,9,0,0,0,0,0,0,0,0,0,0,0,0,0,0,0,0,0,0,0,5
0,0,0,22,0,0,0,0,8,0,0,0,0,64,0,0,0,0,0,0,0,0,0,0,0,0,0,0,0,0,0,0,0,0,0,0,0,0,0,0,6,0,0,0,2.5
0,0,0,5.5,0,5,0,0,0,4,0,0,0,65.5,4,0,0,0,0,0,0,0,0,0,4,0,0,0,12,0,0,0,0,0,0,0,0,0,0,0,0,0,0,0,3
0,0,0,4,0,4,0,0,10,0,0,0,0,66,0,0,0,0,0,0,0,0,0,0,4,0,0,0,9,0,0,0,3,0,0,0,0,0,0,0,0,0,0,0,6
0,0,0,4,0,4,0,0,10,0,0,0,0,65,5,0,0,0,0,0,0,0,0,0,0,0,0,0,12,0,0,0,0,0,0,0,0,0,0,0,0,0,0,0,2
0,0,0,22,0,0,0,0,6,0,0,0,0,66,0,0,0,0,0,0,0,0,0,0,0,0,0,0,0,0,0,0,0,0,0,0,0,0,0,0,6,0,0,0,2
0,0,0,22,0,0,0,0,0,0,0,0,0,66,0,0,0,0,0,0,0,0,0,0,0,0,0,0,0,0,0,0,0,0,0,0,0,0,0,6,6,0,0,0,2
0,0,0,22,0,0,0,0,0,0,0,0,0,67,0,0,0,0,0,0,0,0,0,0,5,0,0,0,0,0,0,0,0,0,0,0,0,0,0,0,6,0,0,0,3.5
0,0,0,22,0,0,0,0,0,0,0,0,0,67,0,0,0,0,0,0,0,0,0,0,0,0,0,5,0,0,0,0,0,0,0,0,0,0,0,0,6,0,0,0,1
0,0,0,22,0,0,0,0,0,0,0,0,0,67,0,0,0,0,0,0,0,0,0,0,0,0,0,0,0,0,0,0,0,0,0,0,0,0,0,5,6,0,0,0,3
0,2.1,0,6.7,0,6.9,0,0,0,2.2,0,0,0,68.3,0,0,0,0,0,0,0,0,0,0,2.5,0,0,0,8.8,0,0,0,2.5,0,0,0,0,0,0,0,0,0,0,0,4
0,0,0,22,0,0,0,0,4,0,0,0,0,68,0,0,0,0,0,0,0,0,0,0,0,0,0,0,0,0,0,0,0,0,0,0,0,0,0,0,6,0,0,0,2
0,0,0,22,0,0,0,0,0,0,0,0,0,68,0,0,0,0,0,0,0,0,0,0,4,0,0,0,0,0,0,0,0,0,0,0,0,0,0,0,6,0,0,0,6.5
0,0,0,22,0,0,0,0,0,0,0,0,0,68,0,0,0,0,0,0,0,0,0,0,0,0,0,4,0,0,0,0,0,0,0,0,0,0,0,0,6,0,0,0,1.5
0,0,0,22,0,0,0,0,0,0,0,0,0,68,0,0,0,0,0,0,0,0,0,0,0,0,0,0,0,0,0,0,0,0,0,0,0,0,0,4,6,0,0,0,4
0,0,0,22,0,0,0,0,0,0,0,0,0,69,0,0,0,0,0,0,0,0,0,0,3,0,0,0,0,0,0,0,0,0,0,0,0,0,0,0,6,0,0,0,6
0,0,0,22,0,0,0,0,0,0,0,0,0,69,0,0,0,0,0,0,0,0,0,0,0,0,0,3,0,0,0,0,0,0,0,0,0,0,0,0,6,0,0,0,1.5
0,0,0,22,0,0,0,0,0,0,0,0,0,69,0,0,0,0,0,0,0,0,0,0,0,0,0,0,0,0,0,0,0,0,0,0,0,0,0,3,6,0,0,0,4
0,0,0,22,0,0,0,0,2,0,0,0,0,70,0,0,0,0,0,0,0,0,0,0,0,0,0,0,0,0,0,0,0,0,0,0,0,0,0,0,6,0,0,0,2
0,0,0,22,0,0,0,0,0,0,0,0,0,70,0,0,0,0,0,0,0,0,0,0,2,0,0,0,0,0,0,0,0,0,0,0,0,0,0,0,6,0,0,0,3.5
0,0,0,20,0,0,0,0,0,0,0,0,0,70,0,0,3,0,0,0,0,0,0,0,0,4,0,0,0,0,0,0,0,0,0,0,0,0,0,0,3,0,0,0,3.5
0,0,0,22,0,0,0,0,0,0,0,0,0,70,0,0,0,0,0,0,0,0,0,0,0,0,0,2,0,0,0,0,0,0,0,0,0,0,0,0,6,0,0,0,2
0,0,0,22,0,0,0,0,0,0,0,0,0,70,0,0,0,0,0,0,0,0,0,0,0,0,0,0,0,0,0,0,0,0,0,0,0,0,0,2,6,0,0,0,3
0,0,0,22,0,0,0,0,0,0,0,0,0,71,0,0,0,0,0,0,0,0,0,0,1,0,0,0,0,0,0,0,0,0,0,0,0,0,0,0,6,0,0,0,2.5
0,0,0,2,0,10,0,0,0,0,0,0,0,71,0,0,0,0,0,0,0,0,0,0,2,3,0,0,12,0,0,0,0,0,0,0,0,0,0,0,0,0,0,0,1
0,0,0,2,0,10,0,0,0,0,0,0,0,71,0,0,0,0,0,0,0,0,0,0,3,2,0,0,12,0,0,0,0,0,0,0,0,0,0,0,0,0,0,0,1
0,0,0,2,0,10,0,0,0,0,0,0,0,71,0,0,0,0,0,0,0,0,0,0,4,1,0,0,12,0,0,0,0,0,0,0,0,0,0,0,0,0,0,0,2
0,0,0,20,0,0,0,0,0,0,0,0,0,71,0,0,3,0,0,0,0,0,0,0,0,4,0,0,0,0,0,0,0,0,0,0,0,0,0,0,2,0,0,0,4
0,0,0,23,0,0,0,0,0,0,0,0,0,71,0,0,0,0,0,0,0,0,0,0,0,6,0,0,0,0,0,0,0,0,0,0,0,0,0,0,0,0,0,0,1.5
0,0,0,22,0,0,0,0,0,0,0,0,0,71,0,0,0,0,0,0,0,0,0,0,0,0,0,1,0,0,0,0,0,0,0,0,0,0,0,0,6,0,0,0,2
0,0,0,22,0,0,0,0,0,0,0,0,0,71,0,0,0,0,0,0,0,0,0,0,0,0,0,0,0,0,0,0,0,0,0,0,0,0,0,1,6,0,0,0,3
0,0,0,20,0,0,0,0,0,0,0,0,0,72,0,0,0,0,0,0,0,0,0,0,0,4,0,0,0,0,0,0,4,0,0,0,0,0,0,0,0,0,0,0,2
0,0,0,5,0,7,0,0,0,0,0,0,0,72,4,0,0,0,0,0,0,0,0,0,0,0,0,0,8.7,0,0,0,3.3,0,0,0,0,0,0,0,0,0,0,0,2
0,0,0,20,0,0,0,0,0,0,0,0,0,72,0,0,3,0,0,0,0,0,0,0,0,4,0,0,0,0,0,0,0,0,0,0,0,0,0,0,1,0,0,0,3
0,0,0,22,0,0,0,0,0,0,0,0,0,72,0,0,0,0,0,0,0,0,0,0,0,0,0,0,0,0,0,0,0,0,0,0,0,0,0,1,5,0,0,0,3
0,0,0,22,0,0,0,0,0,0,0,0,0,72,0,0,0,0,0,0,0,0,0,0,0,0,0,0,0,0,0,0,0,0,0,0,0,0,0,2,4,0,0,0,3
0,0,0,22,0,0,0,0,0,0,0,0,0,72,0,0,0,0,0,0,0,0,0,0,0,0,0,0,0,0,0,0,0,0,0,0,0,0,0,3,3,0,0,0,1
0,0,0,4,0,4,0,0,0,0,0,0,0,73,3,0,0,0,0,0,0,0,0,0,4,0,0,0,10,0,0,0,2,0,0,0,0,0,0,0,0,0,0,0,2
0,0,0,4,0,4,0,0,0,0,0,0,0,74,2,0,0,0,0,0,0,0,0,0,4,0,0,0,10,0,0,0,2,0,0,0,0,0,0,0,0,0,0,0,1.5
0,0,0,4,0,4,0,0,0,0,0,0,0,75,3,0,0,0,0,0,0,0,0,0,2,0,0,0,10,0,0,0,2,0,0,0,0,0,0,0,0,0,0,0,2.5
0,0,0,4,0,4,0,0,0,0,0,0,0,76,2,0,0,0,0,0,0,0,0,0,2,0,0,0,10,0,0,0,2,0,0,0,0,0,0,0,0,0,0,0,2
0,0,0,20,0,0,0,0,0,0,0,0,0,73,0,0,3,0,0,0,0,0,0,0,0,4,0,0,0,0,0,0,0,0,0,0,0,0,0,0,0,0,0,0,2
0,0,0,5,0,7,0,0,0,0,0,0,0,74,2,0,0,0,0,0,0,0,0,0,0,0,0,0,8.7,0,0,0,3.3,0,0,0,0,0,0,0,0,0,0,0,3
0,0,0,4,0,4,0,0,0,0,0,0,0,74,0,0,0,0,0,0,0,0,0,0,5,0,0,0,10,0,0,0,3,0,0,0,0,0,0,0,0,0,0,0,3
0,0,0,5,0,7,0,0,0,0,0,0,0,75,1,0,0,0,0,0,0,0,0,0,0,0,0,0,8.7,0,0,0,3.3,0,0,0,0,0,0,0,0,0,0,0,3
0,0,0,4,0,4,0,0,0,0,0,0,0,75,0,0,0,0,0,0,0,0,0,0,4,0,0,0,10,0,0,0,3,0,0,0,0,0,0,0,0,0,0,0,4
0,0,0,4,0,4,0,0,0,0,0,0,0,76,0,0,0,0,0,0,0,0,0,0,3,0,0,0,10,0,0,0,3,0,0,0,0,0,0,0,0,0,0,0,3.5
0,0,0,17,0,0,0,0,0,0,0,0,0,74,0,0,0,0,0,0,0,0,0,0,0,6,0,0,0,0,0,0,0,0,0,0,0,0,0,0,3,0,0,0,2
0,0,0,5,0,7,0,0,0,0,0,0,0,76,0,0,0,0,0,0,0,0,0,0,0,0,0,0,8.7,0,0,0,3.3,0,0,0,0,0,0,0,0,0,0,0,1
0,0,0,4,0,4,0,0,0,0,0,0,0,76,0,0,0,0,0,0,0,0,0,0,4,0,0,0,9,0,0,0,3,0,0,0,0,0,0,0,0,0,0,0,4
0,0,0,10,0,0,0,0,0,0,0,0,0,76,0,0,0,0,0,0,0,0,0,0,0,0,0,0,5,0,0,0,9,0,0,0,0,0,0,0,0,0,0,0,2.5
0,0,0,4,0,4,0,0,0,0,0,0,0,77,0,0,0,0,0,0,0,0,0,0,2,0,0,0,10,0,0,0,3,0,0,0,0,0,0,0,0,0,0,0,2.5
0,0,0,4,0,4,0,0,0,0,0,0,0,78,0,0,0,0,0,0,0,0,0,0,1,0,0,0,10,0,0,0,3,0,0,0,0,0,0,0,0,0,0,0,1.5
0,0,0,4,0,4,0,0,0,0,0,0,0,79,0,0,0,0,0,0,0,0,0,0,0,0,0,0,10,0,0,0,3,0,0,0,0,0,0,0,0,0,0,0,1
0,24,0,0,0,0,0,0,20,0,0,0,0,0,0,36,0,0,0,0,0,0,0,0,0,0,0,0,0,0,0,0,0,0,0,0,0,0,0,0,20,0,0,0,3
0,25,0,0,0,0,0,0,20,0,0,0,0,0,0,55,0,0,0,0,0,0,0,0,0,0,0,0,0,0,0,0,0,0,0,0,0,0,0,0,0,0,0,0,2
0,20,0,0,0,0,0,0,0,0,0,0,0,0,0,55,0,0,0,0,0,0,0,3,0,0,0,22,0,0,0,0,0,0,0,0,0,0,0,0,0,0,0,0,2
0,15,0,0,0,0,0,0,25,0,0,0,0,0,0,60,0,0,0,0,0,0,0,0,0,0,0,0,0,0,0,0,0,0,0,0,0,0,0,0,0,0,0,0,5
0,25,0,0,0,0,0,0,0,0,0,0,0,0,0,60,0,0,0,0,0,0,0,0,0,0,0,15,0,0,0,0,0,0,0,0,0,0,0,0,0,0,0,0,4
8,8,0,0,0,0,0,0,0,0,36,0,0,0,0,0,2,0,0,0,0,0,0,0,0,0,0,0,0,0,0,0,0,0,0,0,0,0,0,0,0,0,0,46,22.5
0,14,0,0,0,0,0,0,0,0,29.25,0,0,0,0,0,47,0,0,0,0,0,0,0,0,0,0,9.75,0,0,0,0,0,0,0,0,0,0,0,0,0,0,0,0,10
0,13,0,0,0,0,0,0,0,0,29.25,0,0,0,0,0,48,0,0,0,0,0,0,0,0,0,0,9.75,0,0,0,0,0,0,0,0,0,0,0,0,0,0,0,0,10
0,12,0,0,0,0,0,0,0,0,27.75,0,0,0,0,0,51,0,0,0,0,0,0,0,0,0,0,9.25,0,0,0,0,0,0,0,0,0,0,0,0,0,0,0,0,8
8,8,0,0,0,0,0,0,0,0,36,0,0,0,0,0,4,0,0,0,0,0,0,0,0,0,0,0,0,0,0,0,0,0,0,0,0,0,0,0,0,0,0,44,20
8,8,0,0,0,0,0,0,0,0,36,0,0,0,0,0,6,0,0,0,0,0,0,0,0,0,0,0,0,0,0,0,0,0,0,0,0,0,0,0,0,0,0,42,15
0,24,0,0,0,0,0,0,20,0,0,0,0,0,0,0,0,35,0,0,0,0,0,0,0,0,0,0,0,0,0,0,0,0,0,0,0,0,0,0,21,0,0,0,5
0,25,0,0,0,0,0,0,20,0,0,0,0,0,0,0,0,55,0,0,0,0,0,0,0,0,0,0,0,0,0,0,0,0,0,0,0,0,0,0,0,0,0,0,3
0,16,0,0,0,0,0,32,5,0,10,0,0,0,0,0,0,0,0,32,0,0,0,0,0,0,0,5,0,0,0,0,0,0,0,0,0,0,0,0,0,0,0,0,12
0,16,0,0,0,0,0,32,3,0,12,0,0,0,0,0,0,0,0,32,0,0,0,0,0,0,0,5,0,0,0,0,0,0,0,0,0,0,0,0,0,0,0,0,10
0,16,0,0,0,0,0,32,10,0,5,0,0,0,0,0,0,0,0,32,0,0,0,0,0,0,0,5,0,0,0,0,0,0,0,0,0,0,0,0,0,0,0,0,10
0,16,0,0,0,0,0,32,8,0,7,0,0,0,0,0,0,0,0,32,0,0,0,0,0,0,0,5,0,0,0,0,0,0,0,0,0,0,0,0,0,0,0,0,10
0,16,0,0,0,0,0,32,0,0,15,0,0,0,0,0,0,0,0,32,0,0,0,0,0,0,0,5,0,0,0,0,0,0,0,0,0,0,0,0,0,0,0,0,10
0,18.4,0,0,0,0,0,0,0,0,13.1,0,0,0,0,0,0,0,0,55.4,0,0,0,0,0,0,0,13.1,0,0,0,0,0,0,0,0,0,0,0,0,0,0,0,0,2
10,15,0,0,0,0,0,0,0,0,20,0,0,0,0,0,0,0,0,55,0,0,0,0,0,0,0,0,0,0,0,0,0,0,0,0,0,0,0,0,0,0,0,0,2
7.5,17.5,0,0,0,0,0,0,0,0,20,0,0,0,0,0,0,0,0,55,0,0,0,0,0,0,0,0,0,0,0,0,0,0,0,0,0,0,0,0,0,0,0,0,3
5,20,0,0,0,0,0,0,0,0,20,0,0,0,0,0,0,0,0,55,0,0,0,0,0,0,0,0,0,0,0,0,0,0,0,0,0,0,0,0,0,0,0,0,4
5,25,0,0,0,0,0,0,0,0,15,0,0,0,0,0,0,0,0,55,0,0,0,0,0,0,0,0,0,0,0,0,0,0,0,0,0,0,0,0,0,0,0,0,3
0,25,0,0,0,0,0,0,20,0,0,0,0,0,0,0,0,0,0,55,0,0,0,0,0,0,0,0,0,0,0,0,0,0,0,0,0,0,0,0,0,0,0,0,5
0,25,0,0,0,0,0,0,0,0,20,0,0,0,0,0,0,0,0,55,0,0,0,0,0,0,0,0,0,0,0,0,0,0,0,0,0,0,0,0,0,0,0,0,3
0,25,0,0,0,0,0,0,0,0,0,0,0,0,0,0,0,0,0,55,0,0,0,0,0,0,0,20,0,0,0,0,0,0,0,0,0,0,0,0,0,0,0,0,3
0,25,0,0,0,0,0,0,0,0,10,0,0,0,0,0,0,0,0,55,0,0,0,0,0,0,0,10,0,0,0,0,0,0,0,0,0,0,0,0,0,0,0,0,5
0,25,0,0,0,0,0,0,0,0,5,0,0,0,0,0,0,0,0,55,0,0,0,0,0,0,0,15,0,0,0,0,0,0,0,0,0,0,0,0,0,0,0,0,4
0,25,0,0,0,0,0,0,0,0,15,0,0,0,0,0,0,0,0,55,0,0,0,0,0,0,0,5,0,0,0,0,0,0,0,0,0,0,0,0,0,0,0,0,4
0,25,0,0,0,0,0,0,5,0,10,0,0,0,0,0,0,0,0,55,0,0,0,0,0,0,0,5,0,0,0,0,0,0,0,0,0,0,0,0,0,0,0,0,9
0,17.9,0,0,0,0,0,0,0,0,12.8,0,0,0,0,0,0,0,0,56.5,0,0,0,0,0,0,0,12.8,0,0,0,0,0,0,0,0,0,0,0,0,0,0,0,0,2
0,17.5,0,0,0,0,0,0,0,0,12.45,0,0,0,0,0,0,0,0,57.6,0,0,0,0,0,0,0,12.45,0,0,0,0,0,0,0,0,0,0,0,0,0,0,0,0,8
0,17,0,0,0,0,0,0,0,0,12.2,0,0,0,0,0,0,0,0,58.6,0,0,0,0,0,0,0,12.2,0,0,0,0,0,0,0,0,0,0,0,0,0,0,0,0,5
0,16.6,0,0,0,0,0,0,0,0,11.9,0,0,0,0,0,0,0,0,59.6,0,0,0,0,0,0,0,11.9,0,0,0,0,0,0,0,0,0,0,0,0,0,0,0,0,8
0,16.3,0,0,0,0,0,0,0,0,11.6,0,0,0,0,0,0,0,0,60.5,0,0,0,0,0,0,0,11.6,0,0,0,0,0,0,0,0,0,0,0,0,0,0,0,0,8
5,15,0,0,0,0,0,0,0,0,20,0,0,0,0,0,0,0,0,60,0,0,0,0,0,0,0,0,0,0,0,0,0,0,0,0,0,0,0,0,0,0,0,0,5
0,15.9,0,0,0,0,0,0,0,0,11.35,0,0,0,0,0,0,0,0,61.4,0,0,0,0,0,0,0,11.35,0,0,0,0,0,0,0,0,0,0,0,0,0,0,0,0,10.5
0,15.6,0,0,0,0,0,0,0,0,11.2,0,0,0,0,0,0,0,0,62,0,0,0,0,0,0,0,11.2,0,0,0,0,0,0,0,0,0,0,0,0,0,0,0,0,11
5,12.5,0,0,0,0,0,0,5,0,15,0,0,0,0,0,0,0,0,62.5,0,0,0,0,0,0,0,0,0,0,0,0,0,0,0,0,0,0,0,0,0,0,0,0,9
5,12.5,0,0,0,0,0,0,0,0,15,0,0,5,0,0,0,0,0,62.5,0,0,0,0,0,0,0,0,0,0,0,0,0,0,0,0,0,0,0,0,0,0,0,0,6
5,12.5,0,0,0,0,0,0,2.5,0,17.5,0,0,0,0,0,0,0,0,62.5,0,0,0,0,0,0,0,0,0,0,0,0,0,0,0,0,0,0,0,0,0,0,0,0,8
5,12.5,0,0,0,0,0,0,0,0,17.5,0,0,2.5,0,0,0,0,0,62.5,0,0,0,0,0,0,0,0,0,0,0,0,0,0,0,0,0,0,0,0,0,0,0,0,7
5,12.5,0,0,0,0,0,0,0,0,20,0,0,0,0,0,0,0,0,62.5,0,0,0,0,0,0,0,0,0,0,0,0,0,0,0,0,0,0,0,0,0,0,0,0,6
2,14,0,0,0,0,0,0,6,0,10,0,0,0,0,0,0,0,0,62,0,0,0,0,0,0,0,6,0,0,0,0,0,0,0,0,0,0,0,0,0,0,0,0,16
2.33,14,0,0,0,0,0,0,5,0,11.67,0,0,0,0,0,0,0,0,62,0,0,0,0,0,0,0,5,0,0,0,0,0,0,0,0,0,0,0,0,0,0,0,0,20
2.67,14,0,0,0,0,0,0,4,0,13.33,0,0,0,0,0,0,0,0,62,0,0,0,0,0,0,0,4,0,0,0,0,0,0,0,0,0,0,0,0,0,0,0,0,16
3.33,14,0,0,0,0,0,0,2,0,16.67,0,0,0,0,0,0,0,0,62,0,0,0,0,0,0,0,2,0,0,0,0,0,0,0,0,0,0,0,0,0,0,0,0,16
8,14,0,0,0,0,0,0,0,0,16,0,0,0,0,0,0,0,0,62,0,0,0,0,0,0,0,0,0,0,0,0,0,0,0,0,0,0,0,0,0,0,0,0,5
7,14,0,0,0,0,0,0,0,0,17,0,0,0,0,0,0,0,0,62,0,0,0,0,0,0,0,0,0,0,0,0,0,0,0,0,0,0,0,0,0,0,0,0,5
6,14,0,0,0,0,0,0,0,0,18,0,0,0,0,0,0,0,0,62,0,0,0,0,0,0,0,0,0,0,0,0,0,0,0,0,0,0,0,0,0,0,0,0,5
5,14,0,0,0,0,0,0,0,0,19,0,0,0,0,0,0,0,0,62,0,0,0,0,0,0,0,0,0,0,0,0,0,0,0,0,0,0,0,0,0,0,0,0,5
4,14,0,0,0,0,0,0,0,0,20,0,0,0,0,0,0,0,0,62,0,0,0,0,0,0,0,0,0,0,0,0,0,0,0,0,0,0,0,0,0,0,0,0,8
2,14,0,0,0,0,0,0,0,0,22,0,0,0,0,0,0,0,0,62,0,0,0,0,0,0,0,0,0,0,0,0,0,0,0,0,0,0,0,0,0,0,0,0,5
0,14,0,0,0,0,0,0,0,0,24,0,0,0,0,0,0,0,0,62,0,0,0,0,0,0,0,0,0,0,0,0,0,0,0,0,0,0,0,0,0,0,0,0,5
0,14,0,0,0,0,0,0,0,0,12,0,0,0,0,0,0,0,0,62,0,0,0,0,0,0,0,12,0,0,0,0,0,0,0,0,0,0,0,0,0,0,0,0,12
0,10.5,0,0,0,0,0,0,0,0,24,0,0,0,0,0,0,0,0,62,0,0,3.5,0,0,0,0,0,0,0,0,0,0,0,0,0,0,0,0,0,0,0,0,0,10
0,10.8,0,0,0,0,0,0,0,0,24,0,0,0,0,0,0,0,0,62,0,0,3.2,0,0,0,0,0,0,0,0,0,0,0,0,0,0,0,0,0,0,0,0,0,10
0,9.8,0,0,0,0,0,0,0,0,24,0,0,0,0,0,0,0,0,62,0,0,4.2,0,0,0,0,0,0,0,0,0,0,0,0,0,0,0,0,0,0,0,0,0,10
0,15.2,0,0,0,0,0,0,0,0,10.85,0,0,0,0,0,0,0,0,63.1,0,0,0,0,0,0,0,10.85,0,0,0,0,0,0,0,0,0,0,0,0,0,0,0,0,10
0,14.6,0,0,0,0,0,0,0,0,10.4,0,0,0,0,0,0,0,0,64.6,0,0,0,0,0,0,0,10.4,0,0,0,0,0,0,0,0,0,0,0,0,0,0,0,0,5
5,10,0,0,0,0,0,0,0,0,20,0,0,0,0,0,0,0,0,65,0,0,0,0,0,0,0,0,0,0,0,0,0,0,0,0,0,0,0,0,0,0,0,0,5
0,14,0,0,0,0,0,0,0,0,10,0,0,0,0,0,0,0,0,66,0,0,0,0,0,0,0,10,0,0,0,0,0,0,0,0,0,0,0,0,0,0,0,0,5
0,14,0,0,0,0,0,0,0,0,20,0,0,0,0,0,0,0,0,66,0,0,0,0,0,0,0,0,0,0,0,0,0,0,0,0,0,0,0,0,0,0,0,0,2
0,13.2,0,0,0,0,0,0,0,0,9.4,0,0,0,0,0,0,0,0,68,0,0,0,0,0,0,0,9.4,0,0,0,0,0,0,0,0,0,0,0,0,0,0,0,0,1
0,14,0,0,0,0,0,0,0,0,9,0,0,0,0,0,0,0,0,68,0,0,0,0,0,0,0,9,0,0,0,0,0,0,0,0,0,0,0,0,0,0,0,0,1
0,12.4,0,0,0,0,0,0,0,0,8.8,0,0,0,0,0,0,0,0,70,0,0,0,0,0,0,0,8.8,0,0,0,0,0,0,0,0,0,0,0,0,0,0,0,0,0.5
0,14,0,0,0,0,0,0,0,0,8,0,0,0,0,0,0,0,0,70,0,0,0,0,0,0,0,8,0,0,0,0,0,0,0,0,0,0,0,0,0,0,0,0,0.5
0,25,0,0,0,0,0,0,20,0,0,0,0,0,0,0,0,0,0,0,0,39,0,0,0,0,0,0,0,0,0,0,0,0,0,0,0,0,0,0,16,0,0,0,5
0,25,0,0,0,0,0,0,20,0,0,0,0,0,0,0,0,0,0,0,0,55,0,0,0,0,0,0,0,0,0,0,0,0,0,0,0,0,0,0,0,0,0,0,3
0,0,0,0,0,0,0,0,0,0,0,0,0,0,0,0,0,0,0,20,0,0,50,0,0,0,0,30,0,0,0,0,0,0,0,0,0,0,0,0,0,0,0,0,1
0,0,0,0,0,0,0,0,0,0,31.5,0,0,0,0,0,0,0,0,0,0,0,57,0,0,0,3.5,0,0,0,0,0,0,0,0,0,0,0,0,0,8,0,0,0,12
0,0,0,0,0,0,0,0,0,0,31.5,0,0,0,0,0,0,0,0,0,0,0,57,0,0,0,2.3,0,0,0,0,0,0,0,0,0,0,0,0,0,9.2,0,0,0,10
0,0,0,0,0,0,0,0,0,0,31,0,0,0,0,0,0,0,0,0,0,0,57,0,0,0,5.4,0,0,0,0,0,0,0,0,0,0,0,0,0,6.6,0,0,0,14
0,0,0,0,0,0,0,0,0,0,0,0,0,0,0,0,0,0,0,17,0,0,57,0,0,0,0,26,0,0,0,0,0,0,0,0,0,0,0,0,0,0,0,0,2
0,0,0,0,0,0,0,0,0,0,30.5,0,0,0,0,11,0,0,0,0,0,0,58.5,0,0,0,0,0,0,0,0,0,0,0,0,0,0,0,0,0,0,0,0,0,8
0,0,0,0,0,0,0,0,0,0,30.5,0,0,0,0,0,0,0,0,0,0,0,58.5,0,0,0,0,0,0,0,0,0,0,0,0,0,0,0,0,0,11,0,0,0,9
6.6,0,0,0,0,0,0,0,0,0,22.9,0,0,0,0,11,0,0,0,0,0,0,59.5,0,0,0,0,0,0,0,0,0,0,0,0,0,0,0,0,0,0,0,0,0,27
0,0,0,0,0,0,0,0,0,0,31,0,0,0,0,10,0,0,0,0,0,0,59,0,0,0,0,0,0,0,0,0,0,0,0,0,0,0,0,0,0,0,0,0,4
0,0,0,0,0,0,0,0,0,0,28.5,0,0,0,0,11,0,0,0,0,0,0,60.5,0,0,0,0,0,0,0,0,0,0,0,0,0,0,0,0,0,0,0,0,0,8
0,0,0,0,0,0,0,0,0,0,0,0,0,0,0,0,0,0,0,16.4,0,0,60,0,0,0,0,23.6,0,0,0,0,0,0,0,0,0,0,0,0,0,0,0,0,2.5
0,0,0,0,0,0,0,0,0,0,0,0,0,0,0,0,0,0,0,16.15,0,0,60,0,0,0,0,23.6,0,0,0,0,0,0,0,0,0,0,0,0,0.25,0,0,0,3.5
0,0,0,0,0,0,0,0,0,0,0,0,0,0,0,0,0,0,0,15.9,0,0,60,0,0,0,0,23.6,0,0,0,0,0,0,0,0,0,0,0,0,0.5,0,0,0,4
0,0,0,0,0,0,0,0,0,0,0,0,0,0,0,0,0,0,0,15.65,0,0,60,0,0,0,0,23.6,0,0,0,0,0,0,0,0,0,0,0,0,0.75,0,0,0,4
0,0,0,0,0,0,0,0,0,0,0,0,0,0,0,0,0,0,0,15.4,0,0,60,0,0,0,0,23.6,0,0,0,0,0,0,0,0,0,0,0,0,1,0,0,0,3
0,0,0,0,0,0,0,0,0,0,29.5,0,0,0,0,9,0,0,0,0,0,0,61.5,0,0,0,0,0,0,0,0,0,0,0,0,0,0,0,0,0,0,0,0,0,4
0,0,0,0,0,0,0,0,0,0,28,0,0,0,0,11,0,0,0,0,0,0,61,0,0,0,0,0,0,0,0,0,0,0,0,0,0,0,0,0,0,0,0,0,12
0,0,0,0,0,0,0,0,0,0,29,0,0,0,0,10,0,0,0,0,0,0,61,0,0,0,0,0,0,0,0,0,0,0,0,0,0,0,0,0,0,0,0,0,4
0,0,0,0,0,0,0,0,0,0,26.5,0,0,0,0,11,0,0,0,0,0,0,62.5,0,0,0,0,0,0,0,0,0,0,0,0,0,0,0,0,0,0,0,0,0,9
0,0,0,0,0,0,0,0,0,0,27.5,0,0,0,0,9,0,0,0,0,0,0,63.5,0,0,0,0,0,0,0,0,0,0,0,0,0,0,0,0,0,0,0,0,0,4
0,0,0,0,0,0,0,0,0,0,27,0,0,0,0,10,0,0,0,0,0,0,63,0,0,0,0,0,0,0,0,0,0,0,0,0,0,0,0,0,0,0,0,0,4
0,0,0,0,0,0,0,0,0,0,24.5,0,0,0,0,11,0,0,0,0,0,0,64.5,0,0,0,0,0,0,0,0,0,0,0,0,0,0,0,0,0,0,0,0,0,6
0,0,0,0,0,0,0,0,0,0,25.5,0,0,0,0,9,0,0,0,0,0,0,65.5,0,0,0,0,0,0,0,0,0,0,0,0,0,0,0,0,0,0,0,0,0,6
10,0,0,0,0,0,0,0,0,0,15,0,10,0,0,0,0,0,0,0,0,0,65,0,0,0,0,0,0,0,0,0,0,0,0,0,0,0,0,0,0,0,0,0,6
10,0,0,0,0,0,0,0,0,0,15,0,0,0,0,10,0,0,0,0,0,0,65,0,0,0,0,0,0,0,0,0,0,0,0,0,0,0,0,0,0,0,0,0,7.5
10,0,0,0,0,0,0,0,0,0,15,0,0,0,0,8,0,0,0,0,0,0,65,0,0,0,0,0,0,0,0,0,0,0,0,0,0,0,0,0,2,0,0,0,9
10,0,0,0,0,0,0,0,0,0,15,0,0,0,0,6,0,0,0,0,0,0,65,0,0,0,0,0,0,0,0,0,0,0,0,0,0,0,0,0,4,0,0,0,8
5,0,0,0,0,0,0,0,0,0,15,0,0,0,0,10,0,0,0,0,0,0,65,0,0,0,0,0,0,5,0,0,0,0,0,0,0,0,0,0,0,0,0,0,10
0,0,0,0,0,0,0,0,0,0,20,0,0,0,0,10,0,0,0,0,0,0,65,0,0,0,0,5,0,0,0,0,0,0,0,0,0,0,0,0,0,0,0,0,5
0,0,0,0,0,0,0,0,0,0,20,0,0,0,0,0,0,0,0,0,0,0,65,0,0,0,0,0,0,0,0,0,0,0,0,0,0,0,0,0,10,0,5,0,1
0,0,0,0,0,0,0,0,0,0,25,10,0,0,0,0,0,0,0,0,0,0,65,0,0,0,0,0,0,0,0,0,0,0,0,0,0,0,0,0,0,0,0,0,3
0,0,0,0,0,0,0,0,0,0,25,0,10,0,0,0,0,0,0,0,0,0,65,0,0,0,0,0,0,0,0,0,0,0,0,0,0,0,0,0,0,0,0,0,3
0,0,0,0,0,0,0,0,0,0,25,0,0,0,0,10,0,0,0,0,0,0,65,0,0,0,0,0,0,0,0,0,0,0,0,0,0,0,0,0,0,0,0,0,8
0,0,0,0,0,0,0,0,0,0,25,0,0,0,0,5,0,0,0,0,0,0,65,0,0,0,0,0,0,0,0,0,0,0,0,0,0,0,0,0,5,0,0,0,5
0,0,0,0,0,0,0,0,0,0,25,0,0,0,0,0,0,10,0,0,0,0,65,0,0,0,0,0,0,0,0,0,0,0,0,0,0,0,0,0,0,0,0,0,1
0,0,0,0,0,0,0,0,0,0,25,0,0,0,0,0,0,0,0,0,0,0,65,0,0,0,10,0,0,0,0,0,0,0,0,0,0,0,0,0,0,0,0,0,1
0,0,0,0,0,0,0,0,0,0,25,0,0,0,0,0,0,0,0,0,0,0,65,0,0,0,0,0,0,0,10,0,0,0,0,0,0,0,0,0,0,0,0,0,1
0,0,0,0,0,0,0,0,0,0,25,0,0,0,0,0,0,0,0,0,0,0,65,0,0,0,0,0,0,0,0,0,0,0,0,0,10,0,0,0,0,0,0,0,5
0,0,0,0,0,0,0,0,0,0,25,0,0,0,0,0,0,0,0,0,0,0,65,0,0,0,0,0,0,0,0,0,0,0,0,0,0,0,0,0,10,0,0,0,4
5,0,0,0,0,0,0,0,0,0,7.5,0,0,0,0,10,0,0,0,0,0,0,65,0,0,0,0,7.5,0,0,0,0,0,0,0,0,0,0,0,0,0,0,5,0,11
5,0,0,0,0,0,0,0,0,0,7.5,0,0,0,0,0,0,0,0,0,0,0,65,0,0,0,0,7.5,0,0,0,0,0,0,0,0,0,0,0,0,10,0,5,0,9
5,0,0,0,0,0,0,0,0,0,7.5,0,0,0,0,2.5,0,0,0,0,0,0,65,0,0,0,0,7.5,0,0,0,0,0,0,0,0,0,0,0,0,7.5,0,5,0,9.5
5,0,0,0,0,0,0,0,0,0,7.5,0,0,0,0,5,0,0,0,0,0,0,65,0,0,0,0,7.5,0,0,0,0,0,0,0,0,0,0,0,0,5,0,5,0,14
5,0,0,0,0,0,0,0,0,0,7.5,0,0,0,0,7.5,0,0,0,0,0,0,65,0,0,0,0,7.5,0,0,0,0,0,0,0,0,0,0,0,0,2.5,0,5,0,13
0,0,0,0,0,0,0,0,0,0,0,0,0,0,0,0,0,0,0,15,0,0,65,0,0,0,0,20,0,0,0,0,0,0,0,0,0,0,0,0,0,0,0,0,0.5
0,0,0,0,0,0,0,0,0,0,0,0,0,0,0,0,0,0,0,0,0,0,65,0,0,0,15,20,0,0,0,0,0,0,0,0,0,0,0,0,0,0,0,0,3.5
7,0,0,0,0,0,0,0,0,0,0,0,0,0,0,10,0,0,0,0,0,0,68,0,0,0,0,15,0,0,0,0,0,0,0,0,0,0,0,0,0,0,0,0,4
6,0,0,0,0,0,0,0,0,0,0,0,0,0,0,10,0,0,0,0,0,0,69,0,0,0,0,15,0,0,0,0,0,0,0,0,0,0,0,0,0,0,0,0,7
5,0,0,0,0,0,0,0,0,0,0,0,0,0,0,10,0,0,0,0,0,0,70,0,0,0,0,15,0,0,0,0,0,0,0,0,0,0,0,0,0,0,0,0,5
4,0,0,0,0,0,0,0,0,0,0,0,0,0,0,10,0,0,0,0,0,0,71,0,0,0,0,15,0,0,0,0,0,0,0,0,0,0,0,0,0,0,0,0,4
2,0,0,0,0,0,0,0,0,0,0,0,0,0,0,10,0,0,0,0,0,0,73,0,0,0,0,15,0,0,0,0,0,0,0,0,0,0,0,0,0,0,0,0,3.5
1,0,0,0,0,0,0,0,0,0,0,0,0,0,0,10,0,0,0,0,0,0,74,0,0,0,0,15,0,0,0,0,0,0,0,0,0,0,0,0,0,0,0,0,3
0,0,0,0,0,0,0,0,0,0,0,0,0,0,0,0,0,0,0,13,0,0,69,0,0,0,0,18,0,0,0,0,0,0,0,0,0,0,0,0,0,0,0,0,0.5
0,0,0,0,0,0,0,0,0,0,0,0,0,0,0,0,0,0,0,0,0,0,70,0,0,0,15,15,0,0,0,0,0,0,0,0,0,0,0,0,0,0,0,0,1.5
0,0,0,0,0,0,0,0,0,0,0,0,0,0,0,0,0,0,0,10,0,0,70,0,0,0,0,20,0,0,0,0,0,0,0,0,0,0,0,0,0,0,0,0,0.4
0,0,0,0,0,0,0,0,0,0,0,0,0,0,0,0,0,0,0,11,0,0,71,0,0,0,0,18,0,0,0,0,0,0,0,0,0,0,0,0,0,0,0,0,0.5
0,0,0,0,0,0,0,0,0,0,0,0,0,0,0,10,0,0,0,0,0,0,75,0,0,0,0,15,0,0,0,0,0,0,0,0,0,0,0,0,0,0,0,0,3
0,0,0,0,0,0,0,0,0,0,0,0,0,0,0,0,0,0,0,0,0,0,75,0,0,0,10,15,0,0,0,0,0,0,0,0,0,0,0,0,0,0,0,0,2.8
0,0,0,0,0,0,0,0,0,0,0,0,0,0,0,0,0,0,0,0,0,0,80,0,0,0,10,10,0,0,0,0,0,0,0,0,0,0,0,0,0,0,0,0,0.6
8,8,0,0,0,0,0,0,0,0,36,0,0,0,0,0,0,0,0,0,0,0,0,0,0,2,0,0,0,0,0,0,0,0,0,0,0,0,0,0,0,0,0,46,10
8,8,0,0,0,0,0,0,0,0,34,0,0,0,0,0,0,0,0,0,0,0,0,0,0,0,0,2,0,0,0,0,0,0,0,0,0,0,0,0,0,0,0,48,25
0,25,0,0,0,0,0,0,20,0,0,0,0,0,0,0,0,0,0,0,0,0,0,0,0,0,55,0,0,0,0,0,0,0,0,0,0,0,0,0,0,0,0,0,2
0,10,0,0,0,0,0,0,10,0,0,0,0,20,0,0,0,0,0,0,0,0,0,0,0,0,60,0,0,0,0,0,0,0,0,0,0,0,0,0,0,0,0,0,5
0,8,0,0,0,0,0,0,0,0,5,0,0,0,0,0,0,0,0,0,0,0,0,0,0,0,0,42,0,0,0,0,3.5,0,0,0,0,19,0,0,0,0,0,22.5,3
0,8,0,0,0,0,0,0,0,0,5,0,0,0,0,0,0,0,0,0,0,0,0,0,0,0,0,42,0,0,0,0,4.5,0,0,0,0,20,0,0,0,0,0,20.5,2
0,8,0,0,0,0,0,0,0,0,5,0,0,0,0,0,0,0,0,0,0,0,0,0,0,0,0,42,0,0,0,0,3.5,0,0,0,0,20,0,0,0,0,0,21.5,2.5
0,8,0,0,0,0,0,0,0,0,5,0,0,0,0,0,0,0,0,0,0,0,0,0,0,0,0,42,0,0,0,0,2.5,0,0,0,0,20,0,0,0,0,0,22.5,2
0,8,0,0,0,0,0,0,0,0,5,0,0,0,0,0,0,0,0,0,0,0,0,0,0,0,0,42,0,0,0,0,0,0,0,0,0,20,0,0,0,0,0,25,0.5
8,8,0,0,0,0,0,0,0,0,32,0,0,0,0,0,0,0,0,0,0,0,0,0,0,0,0,4,0,0,0,0,0,0,0,0,0,0,0,0,0,0,0,48,30
0,0,0,0,0,0,0,0,0,0,0,0,0,0,0,0,0,0,0,0,0,0,0,0,0,0,0,59,0,0,0,0,2,0,3,0,0,16,0,0,0,0,0,20,3
0,0,0,0,0,0,0,0,0,0,0,0,0,0,0,0,0,0,0,0,0,0,0,0,0,7,0,59,0,0,0,0,3,0,2,0,0,13,0,0,0,0,0,16,5
0,0,0,0,0,0,0,0,0,0,0,0,0,0,0,0,0,0,0,0,0,0,0,0,0,0,0,59,0,0,0,0,5,0,0,0,0,16,0,0,0,0,0,20,2
0,0,0,0,0,0,0,0,0,0,0,0,0,0,0,0,0,0,0,0,0,0,0,0,0,0,0,59,0,0,0,0,0,0,5,0,0,16,0,0,0,0,0,20,1
0,0,0,0,0,0,0,0,0,0,0,0,0,0,0,0,0,0,0,0,0,0,0,0,0,20,0,60,0,0,0,0,0,0,0,0,0,0,0,0,0,0,0,20,0.5
0,0,0,0,0,0,0,0,0,0,0,0,0,0,0,0,0,0,0,0,0,0,0,0,0,25,0,60,0,0,0,0,0,0,0,0,0,0,0,0,0,0,0,15,1.5
0,0,0,0,0,0,0,0,0,0,0,0,0,0,0,0,0,0,0,0,0,0,0,0,0,30,0,60,0,0,0,0,0,0,0,10,0,0,0,0,0,0,0,0,2
0,0,0,0,0,0,0,0,0,0,0,0,0,0,0,0,0,0,0,0,0,0,0,0,0,30,0,60,0,0,0,0,0,0,0,0,0,0,0,0,0,0,0,10,2
0,0,0,0,0,0,0,0,0,0,0,0,0,0,0,0,0,0,0,0,0,0,0,0,0,35,0,60,0,0,0,0,0,0,0,0,0,0,0,0,0,0,0,5,1.5
0,0,0,0,0,0,0,0,0,0,0,0,0,0,0,0,0,0,0,0,0,0,0,0,0,40,0,60,0,0,0,0,0,0,0,0,0,0,0,0,0,0,0,0,1
0,5,0,0,0,0,0,0,0,0,0,0,0,0,0,0,0,0,0,0,0,0,0,0,0,12.5,0,60,0,0,0,0,0,0,0,0,0,2.5,0,0,0,0,0,20,2
0,5,0,0,0,0,0,0,0,0,0,0,0,0,0,0,0,0,0,0,0,0,0,0,0,10,0,60,0,0,0,0,0,0,0,0,0,5,0,0,0,0,0,20,2
0,5,0,0,0,0,0,0,0,0,0,0,0,0,0,0,0,0,0,0,0,0,0,0,0,7.5,0,60,0,0,0,0,0,0,0,0,0,7.5,0,0,0,0,0,20,2
0,4,0,0,0,0,0,0,0,0,0,0,0,0,0,0,0,0,0,0,0,0,0,0,0,7,0,61,0,0,0,0,0,0,0,6,0,0,0,0,0,0,0,22,2
0,4,0,0,0,0,0,0,0,0,0,0,0,0,0,0,0,0,0,0,0,0,0,0,0,7,0,61,0,0,0,0,0,0,0,0,0,0,0,0,0,0,0,28,1
8,8,0,0,0,0,0,0,0,0,30,0,0,0,0,0,0,0,0,0,0,0,0,0,0,0,0,6,0,0,0,0,0,0,0,0,0,0,0,0,0,0,0,48,25
8,8,0,0,0,0,0,0,0,0,34,0,0,0,0,0,0,0,0,0,0,0,0,0,0,0,0,0,0,2,0,0,0,0,0,0,0,0,0,0,0,0,0,48,30
0,0,0,0,0,0,0,0,0,0,30,0,0,0,0,0,0,0,0,0,0,0,0,0,0,0,0,10,20,40,0,0,0,0,0,0,0,0,0,0,0,0,0,0,72
8,8,0,0,0,0,0,0,0,0,32,0,0,0,0,0,0,0,0,0,0,0,0,0,0,0,0,0,0,4,0,0,0,0,0,0,0,0,0,0,0,0,0,48,25
8,8,0,0,0,0,0,0,0,0,30,0,0,0,0,0,0,0,0,0,0,0,0,0,0,0,0,0,0,6,0,0,0,0,0,0,0,0,0,0,0,0,0,48,20
0,0,0,0,0,0,0,0,0,0,12,0,0,0,0,0,0,0,0,0,0,0,0,0,0,0,0,0,0,71.5,0,0,16.5,0,0,0,0,0,0,0,0,0,0,0,2
0,0,0,0,0,0,0,0,0,0,10,0,0,0,0,0,0,0,0,0,0,0,0,0,0,0,0,0,0,73.5,0,0,16.5,0,0,0,0,0,0,0,0,0,0,0,2
0,0,0,0,0,0,0,0,0,0,6,0,0,0,0,0,0,0,0,0,0,0,0,0,0,0,0,0,0,77.5,0,0,16.5,0,0,0,0,0,0,0,0,0,0,0,1.5
0,0,0,0,0,0,0,0,0,0,6,0,0,0,0,0,0,0,0,0,0,0,0,0,0,0,0,0,0,77,0,0,17,0,0,0,0,0,0,0,0,0,0,0,2
0,0,0,0,0,0,0,0,0,0,4,0,0,0,0,0,0,0,0,0,0,0,0,0,0,0,0,0,0,79.5,0,0,16.5,0,0,0,0,0,0,0,0,0,0,0,0.75
0,0,0,0,0,0,0,0,0,0,2,0,0,0,0,0,0,0,0,0,0,0,0,0,0,0,0,0,0,81.5,0,0,16.5,0,0,0,0,0,0,0,0,0,0,0,2
4,0,0,0,0,0,0,0,0,0,2,0,0,0,0,0,0,0,0,0,0,0,0,0,0,0,0,0,5,79,0,0,10,0,0,0,0,0,0,0,0,0,0,0,7
3,0,0,0,0,0,0,0,0,0,3,0,0,0,0,0,0,0,0,0,0,0,0,0,0,0,0,0,5,79,0,0,10,0,0,0,0,0,0,0,0,0,0,0,5
2,0,0,0,0,0,0,0,0,0,4,0,0,0,0,0,0,0,0,0,0,0,0,0,0,0,0,0,5,79,0,0,10,0,0,0,0,0,0,0,0,0,0,0,5
1,0,0,0,0,0,0,0,0,0,5,0,0,0,0,0,0,0,0,0,0,0,0,0,0,0,0,0,5,79,0,0,10,0,0,0,0,0,0,0,0,0,0,0,4
0,0,0,0,0,0,0,0,0,0,6,0,0,0,0,0,0,0,0,0,0,0,0,0,0,0,0,0,5,79,0,0,10,0,0,0,0,0,0,0,0,0,0,0,5
0,25,0,0,0,0,0,0,20,0,0,0,0,0,0,0,0,0,0,0,0,0,0,0,0,0,0,0,0,0,55,0,0,0,0,0,0,0,0,0,0,0,0,0,5
0,10,0,0,0,0,0,0,0,0,20,0,0,0,0,0,0,0,0,0,0,0,0,0,0,0,0,10,0,0,60,0,0,0,0,0,0,0,0,0,0,0,0,0,5
0,7,0,0,0,0,0,0,0,0,12.5,0,0,0,0,0,0,0,0,0,0,0,0,0,0,0,0,12.5,0,0,68,0,0,0,0,0,0,0,0,0,0,0,0,0,1.5
0,7,0,0,0,0,0,0,0,0,10.5,0,0,0,0,0,0,0,0,0,0,0,0,0,0,0,0,10.5,0,0,72,0,0,0,0,0,0,0,0,0,0,0,0,0,1.5
0,3,0,0,0,0,0,0,0,0,12.5,0,0,0,0,0,0,0,0,0,0,0,0,0,0,0,0,12.5,0,0,72,0,0,0,0,0,0,0,0,0,0,0,0,0,1.5
0,7,0,0,0,0,0,0,0,0,25,0,0,0,0,0,0,0,0,0,0,0,0,0,0,0,0,0,0,0,68,0,0,0,0,0,0,0,0,0,0,0,0,0,1.5
0,24,0,0,0,0,0,0,20,0,0,0,0,0,0,0,0,0,0,0,0,0,0,0,0,0,0,0,0,0,0,36,0,0,0,0,0,0,0,0,20,0,0,0,3
0,25,0,0,0,0,0,0,20,0,0,0,0,0,0,0,0,0,0,0,0,0,0,0,0,0,0,0,0,0,0,0,0,40,0,0,0,0,0,0,15,0,0,0,3
0,25,0,0,0,0,0,0,20,0,0,0,0,0,0,0,0,0,0,0,0,0,0,0,0,0,0,0,0,0,0,0,0,55,0,0,0,0,0,0,0,0,0,0,4
0,24,0,0,0,0,0,0,20,0,0,0,0,0,0,0,0,0,0,0,0,0,0,0,0,0,0,0,0,0,0,0,0,0,0,0,36,0,0,0,20,0,0,0,5
0,25,0,0,0,0,0,0,20,0,0,0,0,0,0,0,0,0,0,0,0,0,0,0,0,0,0,0,0,0,0,0,0,0,0,0,55,0,0,0,0,0,0,0,3
8,8,0,0,0,0,0,0,0,0,36,0,0,0,0,0,0,0,0,0,0,0,0,0,0,0,0,0,0,0,0,0,0,0,0,0,0,2,0,0,0,0,0,46,10
0,0,0,0,0,0,0,0,0,0,47,0,0,0,0,0,0,0,0,0,0,0,0,0,0,0,0,8,0,0,0,0,0,0,0,0,0,34,0,0,0,0,0,11,4.5
0,0,0,0,0,0,0,0,0,0,30,0,0,0,0,0,0,0,0,0,0,0,0,0,0,0,0,0,0,20,0,0,0,0,0,0,0,40,0,0,0,0,0,10,3
0,0,0,0,0,0,0,0,0,0,32,0,0,0,0,0,0,0,0,0,0,0,0,0,0,0,0,0,0,18,0,0,0,0,0,0,0,40,0,0,0,0,0,10,3
0,0,0,0,0,0,0,0,0,0,34,0,0,0,0,0,0,0,0,0,0,0,0,0,0,0,0,0,0,16,0,0,0,0,0,0,0,40,0,0,0,0,0,10,4
0,0,0,0,0,0,0,0,0,0,36,0,0,0,0,0,0,0,0,0,0,0,0,0,0,0,0,0,0,14,0,0,0,0,0,0,0,40,0,0,0,0,0,10,6
0,0,0,0,0,0,0,0,0,0,38,0,0,0,0,0,0,0,0,0,0,0,0,0,0,0,0,0,0,12,0,0,0,0,0,0,0,40,0,0,0,0,0,10,6
0,0,0,0,0,0,0,0,0,0,40,0,0,0,0,0,0,0,0,0,0,0,0,0,0,0,0,0,0,10,0,0,0,0,0,0,0,40,0,0,0,0,0,10,4
0,0,0,0,18,0,0,0,0,0,9,0,0,0,0,0,0,0,0,0,0,0,0,0,0,0,0,8,0,0,0,0,0,0,0,0,0,40,0,0,0,0,0,25,8
0,0,0,0,0,0,0,0,0,0,42.5,0,0,0,0,0,5,0,0,0,0,0,0,0,0,0,0,7.5,0,0,0,0,0,0,0,0,0,42.5,0,0,0,0,0,2.5,2.5
0,0,0,0,0,0,0,0,0,0,37.5,0,0,0,0,0,5,0,0,0,0,0,0,0,0,0,0,7.5,0,0,0,0,1,0,5,0,0,41.5,0,0,0,0,0,2.5,6
0,0,0,0,0,0,0,0,0,0,42.5,0,0,0,0,0,5,0,0,0,0,0,0,0,0,0,0,7.5,0,0,0,0,1,0,0,0,0,41.5,0,0,0,0,0,2.5,5
0,0,0,0,0,0,0,0,0,0,36.24,0,0,0,0,0,0,0,0,0,0,0,0,0,0,0,0,9.06,0,0,0,0,0,0,1.96,0,0,43.15,0,0,0,0,0,9.59,3
0,0,0,0,0,0,0,0,0,0,37.04,0,0,0,0,0,0,0,0,0,0,0,0,0,0,0,0,7.06,0,0,0,0,0,0,2,0,0,44.1,0,0,0,0,0,9.8,2
0,0,0,0,7,0,0,0,0,0,25,0,0,0,0,0,0,0,0,0,0,0,0,0,0,0,0,15,0,0,0,0,0,0,3,0,0,45,0,0,0,0,0,5,5
0,0,0,0,0,0,0,0,0,0,42.5,0,0,0,0,0,0,0,0,0,0,0,0,0,0,0,0,7.5,0,0,0,0,0,0,0,0,0,47.5,0,0,0,0,0,2.5,1.5
0,0,0,0,0,0,0,0,0,0,42.5,0,0,0,0,0,0,0,0,0,0,0,0,0,0,0,0,7.5,0,0,0,0,0,0,0,0,0,50,0,0,0,0,0,0,0.2
0,0,0,0,7,0,0,0,0,0,25,0,0,0,0,0,0,0,0,0,0,0,0,0,0,0,0,15,0,0,0,0,0,0,3,0,0,50,0,0,0,0,0,0,2
0,0,0,0,18,0,0,0,0,0,9,0,0,0,0,0,0,0,0,0,0,0,0,0,0,0,0,8,0,0,0,0,0,0,0,0,0,50,0,0,0,0,0,15,6
0,0,0,0,18,0,0,0,0,0,9,0,0,0,0,0,0,0,0,0,0,0,0,0,0,0,0,8,0,0,0,0,0,0,0,0,0,55,0,0,0,0,0,10,6
0,0,0,0,0,0,0,0,0,0,32,0,0,0,0,0,0,0,0,0,0,0,0,0,0,0,0,15,0,0,0,0,0,0,3,0,0,50,0,0,0,0,0,0,1
0,0,0,1,0,0,0,0,0,0,20,0,0,0,0,0,0,0,0,0,0,0,0,0,0,0,0,24,0,0,0,0,2,0,3,0,0,50,0,0,0,0,0,0,1
0,7,0,0.5,0,0,0,0,0,0,15,0,0,0,0,0,3,0,0,0,0,0,0,0,0,0,0,18.5,0,0,0,0,3,0,0,0,0,53,0,0,0,0,0,0,2
0,7,0,0.5,0,0,0,0,0,0,15,0,0,0,0,0,0,0,0,0,0,0,0,0,0,0,0,18.5,0,0,0,3,3,0,0,0,0,53,0,0,0,0,0,0,2
0,25,0,0,0,0,0,0,20,0,0,0,0,0,0,0,0,0,0,0,0,0,0,0,0,0,0,0,0,0,0,0,0,0,0,0,0,0,39,0,16,0,0,0,3
0,25,0,0,0,0,0,0,20,0,0,0,0,0,0,0,0,0,0,0,0,0,0,0,0,0,0,0,0,0,0,0,0,0,0,0,0,0,55,0,0,0,0,0,3
0,24,0,0,0,0,0,0,10,0,0,0,0,0,0,0,0,0,0,0,0,0,0,0,0,0,0,10,0,0,0,20,0,0,0,0,0,0,0,0,36,0,0,0,25
0,24,0,0,0,0,0,0,20,0,0,0,0,0,0,0,0,0,0,0,0,0,0,0,0,0,0,0,0,0,0,20,0,0,0,0,0,0,0,0,36,0,0,0,25
0,0,0,22,0,0,0,0,0,0,0,0,0,72,0,0,2,0,0,0,0,0,0,0,0,0,0,0,0,0,0,0,0,0,0,0,0,0,0,0,4,0,0,0,3
0,0,0,22,0,0,0,0,0,0,0,0,0,72,0,0,0,0,0,0,0,0,0,0,0,2,0,0,0,0,0,0,0,0,0,0,0,0,0,0,4,0,0,0,4
0,0,0,22,0,0,0,0,0,0,0,0,0,72,0,0,0,0,0,0,0,0,0,0,0,0,0,0,0,0,0,0,0,0,0,2,0,0,0,0,4,0,0,0,4
0,0,0,22,0,0,0,0,0,0,0,0,0,72,0,0,0,0,0,0,0,0,0,0,0,0,0,0,0,0,0,0,0,0,0,0,0,2,0,0,4,0,0,0,3
0,25,0,0,0,0,0,0,20,0,0,0,0,0,0,0,0,0,0,0,0,0,0,0,0,0,0,0,0,0,0,0,0,0,0,0,0,0,0,0,55,0,0,0,2
0,24,0,0,0,0,0,0,20,0,0,0,0,0,0,0,0,0,0,0,0,0,0,0,0,0,0,0,0,0,0,0,0,0,0,0,0,0,0,0,56,0,0,0,1.5
0,0,0,22,0,0,0,0,0,0,0,0,0,72,0,0,0,0,0,0,0,0,0,0,0,0,0,0,0,0,0,0,0,0,0,0,0,0,0,0,6,0,0,0,2
0,0,0,0,0,0,0,0,0,0,5,0,0,0,0,0,0,0,0,0,0,0,17.5,0,0,0,0,0,0,0,0,0,0,0,0,0,0,0,0,0,0,62.5,15,0,4
0,0,0,0,20,0,0,0,0,0,8,0,0,0,0,0,0,0,0,0,0,0,24,0,0,0,0,8,0,0,0,0,0,0,0,0,0,10,0,0,4,0,0,26,5
0,0,0,0,20,0,0,0,0,0,10,0,0,2,0,0,0,0,0,0,0,0,12,0,0,12,0,6,0,0,0,0,0,0,0,0,0,0,0,0,2,0,0,36,5
0,0,0,0,20,0,0,0,0,0,10,0,0,0,0,0,0,0,0,0,0,0,12,0,0,12,0,8,0,0,0,0,0,0,0,0,0,0,0,0,2,0,0,36,5
0,0,0,0,21.5,0,0,0,0,0,11,0,0,0,0,0,0,0,0,0,0,0,0.5,0,0,0,0,11,0,0,0,0,0,0,0,0,0,15,0,0,1,0,0,40,5
0,0,0,0,22.5,0,0,0,0,0,12.5,0,0,0,0,0,0,0,0,0,0,0,0,0,0,0,0,10,0,0,0,0,0,0,0,0,0,13.8,0,0,0,0,0,41.2,50
0,0,0,0,22.5,8,0,0,0,0,12.5,0,0,0,0,0,0,0,0,0,0,0,0,0,0,0,0,2,0,0,0,0,0,0,0,0,0,14,0,0,0,0,0,41,3
0,0,0,0,22.5,2,0,0,0,0,12.5,0,0,0,0,0,0,0,0,0,0,0,0,0,0,0,0,8,0,0,0,0,0,0,0,0,0,14,0,0,0,0,0,41,5
0,0,0,0,0,0,0,0,0,0,0,0,0,0,0,0,0,0,0,0,0,0,0,0,0,0,0,34,0,0,0,0,0,0,0,0,0,21,0,0,0,0,0,45,0.68
8.36,8,0,0,10,0,0,0,0,0,27.64,0,0,0,0,0,0,0,0,0,0,0,0,0,0,0,0,0,0,0,0,0,0,0,0,0,0,0,0,0,0,0,0,46,35
8.36,8,0,0,6,0,0,0,0,0,31.64,0,0,0,0,0,0,0,0,0,0,0,0,0,0,0,0,0,0,0,0,0,0,0,0,0,0,0,0,0,0,0,0,46,35
8.36,8,0,0,0,0,0,0,0,0,37.64,0,0,0,0,0,0,0,0,0,0,0,0,0,0,0,0,0,0,0,0,0,0,0,0,0,0,0,0,0,0,0,0,46,20
0,7,0,0,0,0,0,0,0,0,46,0,0,0,0,0,0,0,0,0,0,0,0,0,0,0,0,0,0,0,0,0,0,0,0,0,0,0,0,0,0,0,0,47,3
8,8,0,0,0,0,0,0,0,0,36,0,0,0,0,0,0,0,0,0,0,0,0,0,0,0,0,0,0,0,0,0,0,0,0,0,0,0,0,0,0,0,0,48,25
8,7,0,0,0,0,0,0,0,0,37,0,0,0,0,0,0,0,0,0,0,0,0,0,0,0,0,0,0,0,0,0,0,0,0,0,0,0,0,0,0,0,0,48,10
5,7,0,0,0,0,0,0,0,0,40,0,0,0,0,0,0,0,0,0,0,0,0,0,0,0,0,0,0,0,0,0,0,0,0,0,0,0,0,0,0,0,0,48,10
3,7,0,0,0,0,0,0,0,0,42,0,0,0,0,0,0,0,0,0,0,0,0,0,0,0,0,0,0,0,0,0,0,0,0,0,0,0,0,0,0,0,0,48,10
2,7,0,0,0,0,0,0,0,0,43,0,0,0,0,0,0,0,0,0,0,0,0,0,0,0,0,0,0,0,0,0,0,0,0,0,0,0,0,0,0,0,0,48,12
0,0,0,0,24,0,0,0,0,0,12,0,0,8,0,0,0,0,0,0,0,0,0,0,0,8,0,0,0,0,0,0,0,0,0,0,0,0,0,0,0,0,0,48,8
0,0,0,0,18,0,0,0,0,0,14,0,0,0,0,0,0,0,0,0,0,0,0,0,0,8,0,12,0,0,0,0,0,0,0,0,0,0,0,0,0,0,0,48,8
0,0,0,0,0,0,0,0,0,0,17,0,0,0,0,0,0,0,0,0,0,0,0,0,0,0,0,20,0,0,0,0,0,0,0,0,0,14,0,0,0,0,0,49,4
0,0,0,0,0,0,0,0,0,0,14,0,0,0,0,0,0,0,0,0,0,0,0,0,0,0,0,20,0,0,0,0,0,0,0,0,0,17,0,0,0,0,0,49,3
12,0,0,0,0,0,0,0,0,0,38,0,0,0,0,0,0,0,0,0,0,0,0,0,0,0,0,0,0,0,0,0,0,0,0,0,0,0,0,0,0,0,0,50,4
10,0,0,0,0,0,0,0,0,0,40,0,0,0,0,0,0,0,0,0,0,0,0,0,0,0,0,0,0,0,0,0,0,0,0,0,0,0,0,0,0,0,0,50,5
7,0,0,0,0,0,0,0,0,0,43,0,0,0,0,0,0,0,0,0,0,0,0,0,0,0,0,0,0,0,0,0,0,0,0,0,0,0,0,0,0,0,0,50,4
5,0,0,0,0,0,0,0,0,0,45,0,0,0,0,0,0,0,0,0,0,0,0,0,0,0,0,0,0,0,0,0,0,0,0,0,0,0,0,0,0,0,0,50,4
2,0,0,0,0,0,0,0,0,0,48,0,0,0,0,0,0,0,0,0,0,0,0,0,0,0,0,0,0,0,0,0,0,0,0,0,0,0,0,0,0,0,0,50,2
0,16.3,0,0,0,0,0,0,0,0,20.7,0,0,0,0,0,0,0,0,0,0,0,0,0,0,0,0,12,0,0,0,0,0,0,0,0,0,0,0,0,0,0,0,51,3
0,14,0,0,0,0,0,0,0,0,19,0,0,0,0,0,0,0,0,0,0,0,0,0,0,0,0,10,0,0,0,0,0,0,0,0,0,0,0,0,4,0,0,53,5
0,15,0,0,0,0,0,0,0,0,19,0,0,0,0,0,0,0,0,0,0,0,0,0,0,0,0,10,0,0,0,0,0,0,0,0,0,0,0,0,2,0,0,54,5
0,20,0,0,0,0,0,0,20,0,5,0,0,0,0,0,0,0,0,0,0,0,0,0,0,0,0,0,0,0,0,0,0,0,0,0,0,0,0,0,0,0,0,55,5
0,10,0,0,0,0,0,0,0,0,20,0,0,0,0,0,0,0,0,0,0,0,0,0,0,0,0,8,0,0,0,0,0,0,0,0,0,5,0,0,0,0,0,57,10
0,10.7,0,0,0,0,0,0,0,0,13.65,0,0,0,0,0,0,0,0,0,0,0,0,0,0,0,0,14.15,0,0,0,0,0,0,0,0,0,0,0,0,0,0,0,61.5,5.5
0,12.1,0,0,0,0,0,0,0,0,7.95,0,0,0,0,0,0,0,0,0,0,0,0,0,0,0,0,17.45,0,0,0,0,0,0,0,0,0,0,0,0,0,0,0,62.5,7.5
0,10.7,0,0,0,0,0,0,0,0,10.7,0,0,0,0,0,0,0,0,0,0,0,0,0,0,0,0,15.1,0,0,0,0,0,0,0,0,0,0,0,0,0,0,0,63.5,6
0,11.4,0,0,0,0,0,0,0,0,9.3,0,0,0,0,0,0,0,0,0,0,0,0,0,0,0,0,16.3,0,0,0,0,0,0,0,0,0,0,0,0,0,0,0,63,6.5
0,10.1,0,0,0,0,0,0,0,0,11.7,0,0,0,0,0,0,0,0,0,0,0,0,0,0,0,0,14.2,0,0,0,0,0,0,0,0,0,0,0,0,0,0,0,64,5
0,5.6,0,0,0,0,0,0,0,0,22.4,0,0,0,0,0,0,0,0,0,0,0,0,0,0,0,0,6.5,0,0,0,0,0,0,0,0,0,0,0,0,0,0,0,65.5,3
0,7.5,0,0,0,0,0,0,0,0,17.5,0,0,0,0,0,0,0,0,0,0,0,0,0,0,0,0,10,0,0,0,0,0,0,0,0,0,0,0,0,0,0,0,65,16
0,8.7,0,0,0,0,0,0,0,0,14.4,0,0,0,0,0,0,0,0,0,0,0,0,0,0,0,0,11.9,0,0,0,0,0,0,0,0,0,0,0,0,0,0,0,65,4
0,7.5,0,0,0,0,0,0,0,0,7.5,0,0,0,0,0,0,0,0,0,0,0,0,0,0,0,0,10,0,10,0,0,0,0,0,0,0,0,0,0,0,0,0,65,6
0,8,0,0,0,0,0,0,0,0,11,0,0,0,0,0,0,0,0,0,0,0,0,0,0,0,0,11,0,0,0,0,0,0,0,0,0,0,0,0,0,0,0,70,8
0,8,0,0,0,0,0,0,0,0,13.5,0,0,0,0,0,0,0,0,0,0,0,0,0,0,0,0,8.5,0,0,0,0,0,0,0,0,0,0,0,0,0,0,0,70,10
0,8,0,0,0,0,0,0,0,0,16,0,0,0,0,0,0,0,0,0,0,0,0,0,0,0,0,6,0,0,0,0,0,0,0,0,0,0,0,0,0,0,0,70,6
0,8,0,0,0,0,0,0,0,0,19,0,0,0,0,0,0,0,0,0,0,0,0,0,0,0,0,3,0,0,0,0,0,0,0,0,0,0,0,0,0,0,0,70,0.2
0,8,0,0,0,0,0,0,0,0,3,0,0,0,0,0,0,0,0,0,0,0,0,0,0,0,0,19,0,0,0,0,0,0,0,0,0,0,0,0,0,0,0,70,0.2
0,8,0,0,0,0,0,0,0,0,6,0,0,0,0,0,0,0,0,0,0,0,0,0,0,0,0,16,0,0,0,0,0,0,0,0,0,0,0,0,0,0,0,70,8
0,25,0,0,0,0,0,0,0,0,0,0,0,0,0,55,0,0,0,0,0,0,0,0,0,0,0,20,0,0,0,0,0,0,0,0,0,0,0,0,0,0,0,0,3.5
0,0,0,0,0,0,65,0,0,0,0,0,0,0,0,0,0,0,0,0,14.54,0,12.46,0,0,0,0,0,0,0,0,0,0,0,0,0,0,0,0,0,0,0,8,0,5
0,0,0,0,0,0,65,0,0,0,0,0,0,0,0,0,0,0,0,0,6.46,0,5.54,0,0,0,0,0,0,0,0,0,0,0,0,0,0,0,0,0,0,0,23,0,5
0,0,0,0,0,0,65,0,0,0,0,0,0,0,0,0,0,0,0,0,7.54,0,6.46,0,0,0,0,0,0,0,0,0,0,0,0,0,0,0,0,0,0,0,21,0,5
0,30,0,0,0,0,0,0,0,0,0,0,0,0,0,55,0,0,0,0,0,0,0,0,0,0,0,15,0,0,0,0,0,0,0,0,0,0,0,0,0,0,0,0,2.5
0,20,0,0,0,0,0,0,0,0,0,0,0,0,0,55,0,0,0,0,0,0,0,0,0,0,0,25,0,0,0,0,0,0,0,0,0,0,0,0,0,0,0,0,2
0,15,0,0,0,0,0,65,0,0,20,0,0,0,0,0,0,0,0,0,0,0,0,0,0,0,0,0,0,0,0,0,0,0,0,0,0,0,0,0,0,0,0,0,2
0,20,0,0,0,0,0,60,0,0,20,0,0,0,0,0,0,0,0,0,0,0,0,0,0,0,0,0,0,0,0,0,0,0,0,0,0,0,0,0,0,0,0,0,3
0,25,0,0,0,0,0,55,0,0,20,0,0,0,0,0,0,0,0,0,0,0,0,0,0,0,0,0,0,0,0,0,0,0,0,0,0,0,0,0,0,0,0,0,1
0,20,0,0,0,0,0,60,20,0,0,0,0,0,0,0,0,0,0,0,0,0,0,0,0,0,0,0,0,0,0,0,0,0,0,0,0,0,0,0,0,0,0,0,1
0,10,0,0,0,0,0,70,0,0,0,0,0,0,0,0,0,0,0,0,0,0,0,0,0,0,0,20,0,0,0,0,0,0,0,0,0,0,0,0,0,0,0,0,1
0,15,0,0,0,0,0,70,0,0,0,0,0,0,0,0,0,0,0,0,0,0,0,0,0,0,0,15,0,0,0,0,0,0,0,0,0,0,0,0,0,0,0,0,1
0,10,0,0,0,0,0,69.5,0.5,0,20,0,0,0,0,0,0,0,0,0,0,0,0,0,0,0,0,0,0,0,0,0,0,0,0,0,0,0,0,0,0,0,0,0,10
0,10,0,0,0,0,0,69.8,0.2,0,20,0,0,0,0,0,0,0,0,0,0,0,0,0,0,0,0,0,0,0,0,0,0,0,0,0,0,0,0,0,0,0,0,0,8
0,10,0,0,0,0,0,69,1,0,20,0,0,0,0,0,0,0,0,0,0,0,0,0,0,0,0,0,0,0,0,0,0,0,0,0,0,0,0,0,0,0,0,0,10
0,10,0,0,0,0,0,68,2,0,20,0,0,0,0,0,0,0,0,0,0,0,0,0,0,0,0,0,0,0,0,0,0,0,0,0,0,0,0,0,0,0,0,0,10
0,10,0,0,0,0,0,65,5,0,20,0,0,0,0,0,0,0,0,0,0,0,0,0,0,0,0,0,0,0,0,0,0,0,0,0,0,0,0,0,0,0,0,0,8
0,10,0,0,0,0,0,68,0,0,20,0,0,0,0,0,0,0,0,0,0,0,0,0,0,0,0,2,0,0,0,0,0,0,0,0,0,0,0,0,0,0,0,0,5
0,10,0,0,0,0,0,60,0,0,20,0,0,0,0,0,0,0,0,0,0,0,0,0,0,0,0,10,0,0,0,0,0,0,0,0,0,0,0,0,0,0,0,0,1
0,10,0,0,0,0,0,69,0,0,20,0,0,0,0,0,0,0,0,0,0,0,0,0,0,1,0,0,0,0,0,0,0,0,0,0,0,0,0,0,0,0,0,0,10
0,10,0,0,0,0,0,68,0,0,20,0,0,0,0,0,0,0,0,0,0,0,0,0,0,2,0,0,0,0,0,0,0,0,0,0,0,0,0,0,0,0,0,0,8
0,10,0,0,0,0,0,67,0,0,20,0,0,0,0,0,0,0,0,0,0,0,0,0,0,3,0,0,0,0,0,0,0,0,0,0,0,0,0,0,0,0,0,0,5
0,10,0,0,0,0,0,70,0,0,17,0,0,0,0,0,0,0,0,0,0,0,0,0,0,0,0,0,0,0,0,0,0,0,0,0,0,0,0,0,0,0,3,0,3
0,10,0,0,0,0,0,70,0,0,18,0,0,0,0,0,0,0,0,0,0,0,0,0,0,0,0,0,0,0,0,0,0,0,0,0,0,0,0,0,0,0,2,0,2
0,10,0,0,0,0,0,70,0,0,19,0,0,0,0,0,0,0,0,0,0,0,0,0,0,0,0,0,0,0,0,0,0,0,0,0,0,0,0,0,0,0,1,0,1
0,10,0,2,0,0,0,68,0,0,20,0,0,0,0,0,0,0,0,0,0,0,0,0,0,0,0,0,0,0,0,0,0,0,0,0,0,0,0,0,0,0,0,0,2
0,10,0,0,0,2,0,68,0,0,20,0,0,0,0,0,0,0,0,0,0,0,0,0,0,0,0,0,0,0,0,0,0,0,0,0,0,0,0,0,0,0,0,0,2
0,10,0,0,0,0,0,68,0,0,20,0,0,0,0,0,0,0,0,0,0,0,0,0,0,0,0,0,0,0,0,0,2,0,0,0,0,0,0,0,0,0,0,0,3
0,0,0,0,0,0,0,0,0,0,0,0,0,0,0,0,0,0,0,0,0,0,0,0,0,3,0,59,0,0,0,0,2,0,3,0,0,16,0,0,0,0,0,17,1
0,0,0,0,0,0,0,0,0,0,0,0,0,0,0,0,0,0,0,0,0,0,0,0,0,5,0,59,0,0,0,0,2,0,3,0,0,16,0,0,0,0,0,15,2
0,0,0,0,0,0,0,0,0,0,0,0,0,0,0,0,0,0,0,0,0,0,0,0,0,7,0,59,0,0,0,0,2,0,3,0,0,16,0,0,0,0,0,13,2
0,0,0,0,0,0,0,0,0,0,0,0,0,0,0,0,0,0,0,0,0,0,0,0,0,9,0,59,0,0,0,0,2,0,3,0,0,16,0,0,0,0,0,11,2
0,0,0,0,0,0,0,0,0,0,0,0,0,0,0,0,0,0,0,0,0,0,0,0,0,5,0,59,0,0,0,0,2,0,3,0,0,13,0,0,0,0,0,18,2
0,0,0,0,0,0,0,0,0,0,0,0,0,0,0,0,0,0,0,0,0,0,0,0,0,5,0,59,0,0,0,0,2,0,3,0,0,11,0,0,0,0,0,20,2
0,0,0,0,0,0,0,0,0,0,0,0,0,0,0,0,0,0,0,0,0,0,0,0,0,6,0,59,0,0,0,0,2,0,3,0,0,13,0,0,0,0,0,17,3
0,0,0,0,0,0,0,0,0,0,0,0,0,0,0,0,0,0,0,0,0,0,0,0,0,6,0,59,0,0,0,0,2,0,3,0,0,11,0,0,0,0,0,19,3
0,0,0,0,0,0,0,0,0,0,0,0,0,0,0,0,0,0,0,0,0,0,0,0,0,6,0,59,0,0,0,0,2,0,3,0,0,9,0,0,0,0,0,21,3
0,0,0,0,0,0,0,0,0,0,0,0,0,0,0,0,0,0,0,0,0,0,0,0,0,7,0,59,0,0,0,0,2,0,3,0,0,13,0,0,0,0,0,16,3
0,0,0,0,0,0,0,0,0,0,0,0,0,0,0,0,0,0,0,0,0,0,0,0,0,7,0,59,0,0,0,0,2,0,3,0,0,11,0,0,0,0,0,18,2
0,0,0,0,0,0,0,0,0,0,0,0,0,0,0,0,0,0,0,0,0,0,0,0,0,7,0,59,0,0,0,0,2,0,3,0,0,9,0,0,0,0,0,20,2
0,0,0,0,0,0,0,0,0,0,0,0,0,0,0,0,0,0,0,0,0,0,0,0,0,8,0,59,0,0,0,0,2,0,3,0,0,13,0,0,0,0,0,15,2
0,0,0,0,0,0,0,0,0,0,0,0,0,0,0,0,0,0,0,0,0,0,0,0,0,8,0,59,0,0,0,0,2,0,3,0,0,11,0,0,0,0,0,17,2
0,0,0,0,0,0,0,0,0,0,0,0,0,0,0,0,0,0,0,0,0,0,0,0,0,8,0,59,0,0,0,0,2,0,3,0,0,9,0,0,0,0,0,19,2
0,0,0,0,0,0,0,0,0,0,0,0,0,0,0,0,0,0,0,0,0,0,0,0,0,9,0,59,0,0,0,0,2,0,3,0,0,14,0,0,0,0,0,13,2
0,0,0,0,0,0,0,0,0,0,0,0,0,0,0,0,0,0,0,0,0,0,0,0,0,9,0,59,0,0,0,0,2,0,3,0,0,13,0,0,0,0,0,14,2
0,0,0,0,0,0,0,0,0,0,0,0,0,0,0,0,0,0,0,0,0,0,0,0,0,9,0,59,0,0,0,0,2,0,3,0,0,11,0,0,0,0,0,16,2
0,0,0,0,0,0,0,0,0,0,0,0,0,0,0,0,0,0,0,0,0,0,0,0,0,6,0,59,0,0,0,0,3,0,2,0,0,11,0,0,0,0,0,19,5
0,0,0,6,0,10,0,0,0,10,0,0,2,60,0,0,0,0,0,0,0,0,0,0,9,0,0,3,0,0,0,0,0,0,0,0,0,0,0,0,0,0,0,0,8
0,10,0,0,0,0,0,70,0,0,10,0,0,0,0,0,0,0,0,0,0,0,0,0,0,0,0,10,0,0,0,0,0,0,0,0,0,0,0,0,0,0,0,0,3
0,12.5,0,0,0,0,0,65,0,0,10,0,0,0,0,0,0,0,0,0,0,0,0,0,0,0,0,12.5,0,0,0,0,0,0,0,0,0,0,0,0,0,0,0,0,3
0,15,0,0,0,0,0,60,0,0,10,0,0,0,0,0,0,0,0,0,0,0,0,0,0,0,0,15,0,0,0,0,0,0,0,0,0,0,0,0,0,0,0,0,3
0,10,0,0,0,0,0,65,0,0,10,0,0,0,0,0,0,0,0,0,0,0,0,0,0,5,0,10,0,0,0,0,0,0,0,0,0,0,0,0,0,0,0,0,5
0,10,0,0,0,0,0,57,0,0,15.5,0,0,0,0,0,0,0,0,0,0,0,0,0,0,5,0,12.5,0,0,0,0,0,0,0,0,0,0,0,0,0,0,0,0,2
0,0,0,5.88,0,12.74,0,0,0,9.8,0,0,1.96,58.8,0,0,0,0,2,0,0,0,0,0,8.82,0,0,0,0,0,0,0,0,0,0,0,0,0,0,0,0,0,0,0,4
0,2,0,5.88,0,12.74,0,0,0,9.8,0,0,1.96,58.8,0,0,0,0,0,0,0,0,0,0,8.82,0,0,0,0,0,0,0,0,0,0,0,0,0,0,0,0,0,0,0,8
0,0,0,5.88,0,12.74,0,0,0,9.8,0,0,1.96,58.8,0,0,0,0,0,0,0,0,0,0,8.82,0,0,2,0,0,0,0,0,0,0,0,0,0,0,0,0,0,0,0,8
0,0,0,5.88,0,12.74,0,0,0,9.8,0,0,1.96,58.8,0,0,0,0,0,0,0,0,0,0,8.82,2,0,0,0,0,0,0,0,0,0,0,0,0,0,0,0,0,0,0,5
0,0,0,6,0,15,0,0,5.85,6,0,0,0.5,52.65,0,0,0,0,0,0,0,0,0,0,14,0,0,0,0,0,0,0,0,0,0,0,0,0,0,0,0,0,0,0,4
0,0,0,3,0,18,0,0,5.85,6,0,0,0.5,52.65,0,0,0,0,0,0,0,0,0,0,14,0,0,0,0,0,0,0,0,0,0,0,0,0,0,0,0,0,0,0,3
0,0,0,2,0,19,0,0,5.85,6,0,0,0.5,52.65,0,0,0,0,0,0,0,0,0,0,14,0,0,0,0,0,0,0,0,0,0,0,0,0,0,0,0,0,0,0,2
0,0,0,6,0,15,0,0,6.425,0,0,0,0.75,57.825,0,0,0,0,0,0,0,0,0,0,14,0,0,0,0,0,0,0,0,0,0,0,0,0,0,0,0,0,0,0,4
0,0,0,6,0,15,0,0,6.45,0,0,0,0.5,58.05,0,0,0,0,0,0,0,0,0,0,14,0,0,0,0,0,0,0,0,0,0,0,0,0,0,0,0,0,0,0,4
0,0,0,6,0,15,0,0,6.475,0,0,0,0.25,58.275,0,0,0,0,0,0,0,0,0,0,14,0,0,0,0,0,0,0,0,0,0,0,0,0,0,0,0,0,0,0,3
0,0,0,6,0,15,0,0,6.4875,0,0,0,0.125,58.3875,0,0,0,0,0,0,0,0,0,0,14,0,0,0,0,0,0,0,0,0,0,0,0,0,0,0,0,0,0,0,2
0,0,0,6,0,15,0,0,6.4,0,0,0,1,57.6,0,0,0,0,0,0,0,0,0,0,14,0,0,0,0,0,0,0,0,0,0,0,0,0,0,0,0,0,0,0,3.5
0,0,0,8,0,13,0,0,0,15,0,0,1,49,0,0,0,0,0,0,0,0,0,0,14,0,0,0,0,0,0,0,0,0,0,0,0,0,0,0,0,0,0,0,4
0,0,0,6,0,15,0,0,0,15,0,0,1,49,0,0,0,0,0,0,0,0,0,0,14,0,0,0,0,0,0,0,0,0,0,0,0,0,0,0,0,0,0,0,6
0,0,0,4,0,17,0,0,0,15,0,0,1,49,0,0,0,0,0,0,0,0,0,0,14,0,0,0,0,0,0,0,0,0,0,0,0,0,0,0,0,0,0,0,4
0,0,0,3,0,18,0,0,0,15,0,0,1,49,0,0,0,0,0,0,0,0,0,0,14,0,0,0,0,0,0,0,0,0,0,0,0,0,0,0,0,0,0,0,4
0,0,0,2,0,19,0,0,0,15,0,0,1,49,0,0,0,0,0,0,0,0,0,0,14,0,0,0,0,0,0,0,0,0,0,0,0,0,0,0,0,0,0,0,3
0,0,0,6,0,15,0,0,0,15,0,0,0,50,0,0,0,0,0,0,0,0,0,0,14,0,0,0,0,0,0,0,0,0,0,0,0,0,0,0,0,0,0,0,1.5
0,0,0,6,0,16,0,0,0,4,0,0,0,50,0,0,0,0,0,0,0,0,0,10,14,0,0,0,0,0,0,0,0,0,0,0,0,0,0,0,0,0,0,0,4
0,0,0,6,0,15,0,0,0,4,0,0,0.5,60.5,0,0,0,0,0,0,0,0,0,0,14,0,0,0,0,0,0,0,0,0,0,0,0,0,0,0,0,0,0,0,3
0,0,0,2,0,10,0,0,0,3,0,0,0,63,0,0,0,0,0,0,0,0,0,0,10,0,0,0,12,0,0,0,0,0,0,0,0,0,0,0,0,0,0,0,2
0,0,0,3,0,10,0,0,0,3,0,0,0,64,0,0,0,0,0,0,0,0,0,0,10,0,0,0,10,0,0,0,0,0,0,0,0,0,0,0,0,0,0,0,2
0,0,0,6,0,8,0,0,0,2,0,0,0,65,0,0,0,0,0,0,0,0,0,0,9,0,0,0,10,0,0,0,0,0,0,0,0,0,0,0,0,0,0,0,2.5
0,0,0,6,0,15,0,0,0,0,0,0,0,65,0,0,0,0,0,0,0,0,0,0,14,0,0,0,0,0,0,0,0,0,0,0,0,0,0,0,0,0,0,0,1.5
0,0,0,3,0,10,0,0,0,3,0,0,0,66,0,0,0,0,0,0,0,0,0,0,10,0,0,0,8,0,0,0,0,0,0,0,0,0,0,0,0,0,0,0,2
