Alloy,Dmax
Ag27Cu73,0
Ag42Fe58,0
Ag48Cu52,0
Ag48Fe52,0
Ag50Fe50,0
Ag52Fe48,0
Ag55Fe45,0
Ag61Fe39,0
Ag63Fe37,0
Ag67Fe33,0
Ag70Fe30,0
Ag84Fe16,0
Al10La90,0
Al10Ti90,0
Al20Ti80,0
Al20Zr80,0
Al25Ti75,0
Al25Zr75,0
Al30Ti70,0
Al30Zr70,0
Al35Ti65,0
Al40Cu60T,0
Al40Ti60,0
Al45Ti55,0
Al50Cu50,0
Al55Ti45,0
Al60Cu40,0
Al60La40,0
Al60Ti40,0
Al65Ti35,0
Al70Cu30,0
Al70La30,0
Al70Ni30,0
Al70Ti30,0
Al75Cu25,0
Al80Cr20,0
Al80Cu20,0
Al80La20,0
Al80Ni20,0
Al80Ti20,0
Al81Cr19,0
Al82Sm18,0
Al83Cr17,0
Al84Cr16,0
Al85Gd15,0
Al86Co14,0
Al86Cr14,0
Al86Ni14,0
Al88Co12,0
Al88Cr12,0
Al88Fe12,0
Al88Ni12,0
Al90Co10,0
Al90Cr10,0
Al90Fe10,0
Al90Ni10,0
Al92.5Ca7.5,0
Al92Co8,0
Al92Cr8,0
Al92Fe8,0
Al92Mn8,0
Al92Ni8,0
Al94.1Ti5.9,0
Al94Ce6,0
Al94Co6,0
Al94Cr6,0
Al94Fe6,0
Al94Gd6,0
Al94Mn6,0
Al94Nd6,0
Al94Ni6,0
Al94Sm6,0
Al95Ce5,0
Al96Co4,0
Al96Cr4,0
Al96Fe4,0
Al96Mn4,0
Al96Nd4,0
Al96Ni4,0
Al97.1Ti2.9,0
Al98.9Ti1.1,0
Al98Co2,0
Al98Fe2,0
Al98Mn2,0
Al98Nd2,0
Al98Ni2,0
B10Mo90,0
B15Co85,0
B15Mo85,0
B16Ni84,0
B20Mo80,0
B20Ni80,0
B21Fe79,0
B22Ni78,0
B24Ni76,0
B25Mo75,0
B26Ni74,0
B30Mo70,0
B46Ni54,0
B48Ni52,0
B54Ni46,0
B5Ni95,0
Be10Ti90,0
Be10Zr90,0
Be2.5Zr97.5,0
Be20Ti80,0
Be20Zr80,0
Be30Ti70,0
Be35Ti65,0
Be42Ti58,0
Be43Ti57,0
Be45Ti55,0
Be50Ti50,0
Be7.5Zr92.5,0
C10Co90,0
C10Ni90,0
C15Co85,0
C15Ni85,0
C20Co80,0
C20Ni80,0
C5Ni95,0
Ca10Mg90,0
Ca11Mg89,0
Ca7.5Mg92.5,0
Ce10Mg90,0
Co70Si30,0
Co75Si25,0
Co80Si20,0
Co85Si15,0
Co90Si10,0
Co95Si5,0
Cr80P20,0
Cr87P13,0
Cu10Mg90,0
Cu10Ti90,0
Cu15Mg85,0
Cu20La80,0
Cu20Ti80,0
Cu28Zr72,0
Cu30Ti70,0
Cu32Fe68,0
Cu40La60,0
Cu50La50,0
Cu54Fe46,0
Cu60Nd40,0
Cu63Fe37,0
Cu66Ti34,0
Cu70Fe30,0
Cu70Nd30,0
Cu71Fe29,0
Cu75Ti25,0
Cu75Zr25,0
Cu76Fe24,0
Cu80Nd20,0
Cu80Ti20,0
Cu80Zr20,0
Cu85Ti15,0
Cu90Fe10,0
Cu90Ti10,0
Cu95Zr5,0
Fe66.7Tb33.3,0
Fe87Zr13,0
La30Ni70,0
La40Ni60,0
La50Ni50,0
La90Ni10,0
Mg55Zn45,0
Mg70Ni30,0
Mg75Y25,0
Mg80Y20,0
Mg80Zn20,0
Mg85Mn15,0
Mg85Nd15,0
Mg85Zn15,0
Mg87.5Y12.5,0
Mg90Mn10,0
Mg90Nd10,0
Mg90Y10,0
Mg90Zn10,0
Mg92.5Mn7.5,0
Mg92.5Nd7.5,0
Mg95Mn5,0
Mg95Nd5,0
Mg95Y5,0
Mg95Zn5,0
Mg97.5Nd2.5,0
Nd30Ni70,0
Nd50Ni50,0
Nd80Ni20,0
Ni10Ti90,0
Ni15Ti85,0
Ni20Ti80,0
Ni25Ti75,0
Ni50Ti50,0
Ni55Ti45,0
Ni65Ti35,0
Ni70Ti30,0
Ni75Ti25,0
Ni80Si20,0
Ni85Si15,0
Ni90Si10,0
Ni90Ti10,0
Ni95Si5,0
Si10Ti90,0
Si25Ti75,0
Si5Ti95,0
Ti90Zr10,0
Ag10.5Cu80.5P9,0
Ag10Ce3Cu87,0
Ag10Ce5Cu85,0
Ag10Mg50Y40,0
Ag10Mg85Y5,0
Ag11Cu38Fe51,0
Ag12.2Cu81.5P6.3,0
Ag13Cu32Fe55,0
Ag14Cu78.5P7.5,0
Ag15Ce4Cu81,0
Ag15Cu49Fe36,0
Ag15Cu83Fe2,0
Ag17Cu20Fe63,0
Ag17Cu41Fe42,0
Ag20.9Pd62.6Si16.5,0
Ag20Ce3Cu77,0
Ag20Ce4Cu76,0
Ag20Ce5Cu75,0
Ag20Mg20Y60,0
Ag21Cu42Fe37,0
Ag22Cu41Fe37,0
Ag22Cu51Fe27,0
Ag23Cu10Fe67,0
Ag24Cu31Fe45,0
Ag25Cu25Fe50,0
Ag26Cu23Fe51,0
Ag26Cu44Fe30,0
Ag27Cu31Fe42,0
Ag28Cu45Fe27,0
Ag29Cu31Fe40,0
Ag30Ce3Cu67,0
Ag30Ce5Cu65,0
Ag30Mg20Y50,0
Ag31Cu37Fe32,0
Ag31Cu49Fe20,0
Ag31Cu55Fe14,0
Ag32Cu66Fe2,0
Ag35Ce3Cu62,0
Ag36Cu30Fe34,0
Ag37Cu6Fe57,0
Ag40Ce1Cu59,0
Ag40Ce2Cu58,0
Ag40Cu12Fe48,0
Ag40Cu40Fe20,0
Ag40Cu47Fe13,0
Ag40Mg20Y40,0
Ag45Ce2Cu53,0
Ag49Cu29Fe22,0
Ag5.5Cu87P7.5,0
Ag50Ce2Cu48,0
Ag50Mg20Y30,0
Ag50Mg40Y10,0
Ag51Cu13Fe36,0
Ag58Cu32Fe10,0
Ag5Ce5Cu90,0
Ag5Ce6Cu89,0
Ag5Ce8Cu87,0
Ag5Mg85Y10,0
Ag5Mg90Y5,0
Ag60Ce10Cu30,0
Ag60Ce3Cu37,0
Ag60Ce5Cu35,0
Ag60Mg20Y20,0
Ag62Cu30Fe8,0
Ag63Cu8Fe29,0
Ag6Ce8Cu86,0
Ag7.5Cu86P6.5,0
Ag70Ce10Cu20,0
Ag70Ce5Cu25,0
Ag7Cu84.5P8.5,0
Ag9Cu82.5P8.5,0
Ag9Cu84.5P6.5,0
Ag9Cu85P6,0
Al10Ce10Cu80,0
Al10Ce2Cu88,0
Al10Ce4Cu86,0
Al10Ce6Cu84,0
Al10Cu10La80,0
Al10Cu10Ti80,0
Al10Cu20La70,0
Al10Cu20Ti70,0
Al10Cu50La40,0
Al10Cu60La30,0
Al10Cu70La20,0
Al10Cu70Ti20,0
Al10Cu80La10,0
Al10Cu80Nd10,0
Al10Cu84Nd6,0
Al10Cu86Nd4,0
Al10Cu88Nd2,0
Al10La10Ni80,0
Al10La20Ni70,0
Al10La25Ni65,0
Al10Mg40Zn50,0
Al10Mg50Zn40,0
Al10Mg60Zn30,0
Al10Mg80Zn10,0
Al10Mg85Zn5,0
Al10Ni45Ti45,0
Al10Ni5Zr85,0
Al10Ni70Ti20,0
Al10Ni70Zr20,0
Al10Ni80Zr10,0
Al12B10Co78,0
Al12B10Fe78,0
Al12B14Co74,0
Al12B14Ni74,0
Al12B6Co82,0
Al12B6Fe82,0
Al12Ce10Cu78,0
Al12Ce6Cu82,0
Al12Cu78Nd10,0
Al12Cu82Nd6,0
Al12Cu84Nd4,0
Al14Ce10Cu76,0
Al14Ce6Cu80,0
Al14Ce8Cu78,0
Al14Cu76Nd10,0
Al14Cu78Nd8,0
Al14Cu80Nd6,0
Al14Cu82Nd4,0
Al15Fe56.7Tb28.3,0
Al15La25Ni60,0
Al15Mg70Zn15,0
Al15Mg75Zn10,0
Al15Mg80Zn5,0
Al15Ni75Zr10,0
Al16B10Co74,0
Al16B10Fe74,0
Al16B14Ni70,0
Al20B10Co70,0
Al20B14Co66,0
Al20B14Ni66,0
Al20B18Co62,0
Al20B22Co58,0
Al20Cu10La70,0
Al20Cu10Ti70,0
Al20Cu20Ti60,0
Al20Cu60La20,0
Al20Cu70Ti10,0
Al20La10Ni70,0
Al20La20Ni60,0
Al20Mg40Zn40,0
Al20Mg50Zn30,0
Al20Mg60Zn20,0
Al20Mg70Zn10,0
Al20Ni60Zr20,0
Al20Ni70Zr10,0
Al24B14Ni62,0
Al24B18Ni58,0
Al24B22Co54,0
Al24B22Ni54,0
Al25Cu25Ti50,0
Al25Cu30Ti45,0
Al25Cu50Mn25,0
Al25Cu5Ti70,0
Al28B22Ni50,0
Al28B30Ni42,0
Al2Ce10Cu88,0
Al2Ce6Cu92,0
Al2Ce8Cu90,0
Al2Cu88Nd10,0
Al2Cu90Nd8,0
Al2Cu92Nd6,0
Al30Cu10Ti60,0
Al30Cu20Ti50,0
Al30Cu30Ti40,0
Al30Cu40Ti30,0
Al30Cu50La20,0
Al30Cu60La10,0
Al30La10Ni60,0
Al30La15Ni55,0
Al30Mg40Zn30,0
Al30Mg50Zn20,0
Al30Mg60Zn10,0
Al30Ni10Zr60,0
Al30Ni50Zr20,0
Al30Ni60Zr10,0
Al31Ni50Ti19,0
Al35Cu40Ti25,0
Al35Cu45Ti20,0
Al35Cu5Ti60,0
Al40Cu10La50,0
Al40Cu10Ti50,0
Al40Cu20La40,0
Al40Cu20Ti40,0
Al40Cu30La30,0
Al40Cu30Ti30,0
Al40Cu40La20,0
Al40Cu40Ti20,0
Al40La10Ni50,0
Al40La15Ni45,0
Al40Mg40Zn20,0
Al40Mg50Zn10,0
Al40Mn25Si35,0
Al40Ni10Zr50,0
Al40Ni20Zr40,0
Al40Ni30Zr30,0
Al40Ni40Zr20,0
Al40Ni50Ti10,0
Al40Ni50Zr10,0
Al42Mg44Pd14,0
Al43Mg44Pd13,0
Al45Cr15Si40,0
Al45Cr20Si35,0
Al45Cu10Ti45,0
Al45Cu20Ti35,0
Al45Cu35Ti20,0
Al45Cu40Ti15,0
Al45Cu5Ti50,0
Al45Ge40V15,0
Al48Mg22Pd30,0
Al4B10Co86,0
Al4B14Co82,0
Al4Ce10Cu86,0
Al4Ce4Cu92,0
Al4Ce8Cu88,0
Al4Cu86Nd10,0
Al4Cu88Nd8,0
Al4Cu90Nd6,0
Al4Cu92Nd4,0
Al50Cu10La40,0
Al50Cu10Ti40,0
Al50Cu20La30,0
Al50Cu20Ti30,0
Al50Cu30La20,0
Al50Cu30Ti20,0
Al50Cu40La10,0
Al50Cu40V10,0
Al50Cu5Ti45,0
Al50Ge25V25,0
Al50Ge30V20,0
Al50Ge35V15,0
Al50Ge40V10,0
Al50La10Ni40,0
Al50La15Ni35,0
Al50Mg25Pd25,0
Al50Mg40Zn10,0
Al50Ni10Zr40,0
Al50Ni40Zr10,0
Al52Mg17Pd31,0
Al52Mg18Pd30,0
Al54Mg32Pd14,0
Al55Cr20Si25,0
Al55Cr25Si20,0
Al55Cu10Ti35,0
Al55Cu35Ti10,0
Al55Ge25V20,0
Al55La30Ni15,0
Al55La35Ni10,0
Al55Mg15Pd30,0
Al55Ni30Zr15,0
Al57Cr23Si20,0
Al57Cr28Si15,0
Al58Cr20Si22,0
Al59Cr19Si22,0
Al5Mg80Zn15,0
Al5Mg85Zn10,0
Al5Mg90Zn5,0
Al5Ni50Ti45,0
Al60Ce20Fe20,0
Al60Ce20Ni20,0
Al60Ce23Fe17,0
Al60Ce25Fe15,0
Al60Cr18Si22,0
Al60Cr20Si20,0
Al60Cr25Si15,0
Al60Cr30Si10,0
Al60Cr5Si35,0
Al60Cu10Ti30,0
Al60Cu20Ti20,0
Al60Cu25V15,0
Al60Cu35Ti5,0
Al60Cu35V5,0
Al60Cu5Ti35,0
Al60Gd20Ni20,0
Al60Ge20V20,0
Al60Ge35V5,0
Al60La10Ni30,0
Al60Mn20Si20,0
Al60Ni10Zr30,0
Al61Cr21Si18,0
Al62.5Ce25.5Fe12,0
Al62Cr19Si19,0
Al63Cr15Si22,0
Al63Cr19Si18,0
Al64Ce23Fe13,0
Al65Ce15Fe20,0
Al65Ce20Fe15,0
Al65Ce25Fe10,0
Al65Cr15Si20,0
Al65Cr20Ge15,0
Al65Cr20Si15,0
Al65Cr25Si10,0
Al65Cu15V20,0
Al65Cu20Mn15,0
Al65Cu20V15,0
Al65Ge15Mn20,0
Al65Ge20V15,0
Al65Ge30V5,0
Al65La25Ni10,0
Al65La30Ni5,0
Al65Mn20Si15,0
Al65Nd20Ni15,0
Al65Ni15Y20,0
Al66.6Mn17.4Si16,0
Al67Ce18Fe15,0
Al68.6Mn17.4Si14,0
Al68Cr15Si17,0
Al6Ce4Cu90,0
Al6Ce6Cu88,0
Al6Ce8Cu86,0
Al6Cu88Nd6,0
Al70.6Mn17.4Si12,0
Al70Ce10Cu20,0
Al70Ce10Fe20,0
Al70Ce15Cu15,0
Al70Ce15Fe15,0
Al70Ce20Fe10,0
Al70Ce20Ni10,0
Al70Cr10Si20,0
Al70Cr15Si15,0
Al70Cr20Si10,0
Al70Cr25Si5,0
Al70Cr5Si25,0
Al70Cu10Ti20,0
Al70Cu20La10,0
Al70Cu25V5,0
Al70Gd20Ni10,0
Al70Ge20V10,0
Al70Ge25V5,0
Al70La15Ni15,0
Al70La20Ni10,0
Al70La25Ni5,0
Al70Mn5Si25,0
Al70Nd20Ni10,0
Al70Ni10Y20,0
Al70Ni10Zr20,0
Al70Ni15Zr15,0
Al70Ni20Y10,0
Al70Ni25Zr5,0
Al71Ce17Fe12,0
Al72.5Mn17.4Si10.1,0
Al74.6Mn17.4Si8,0
Al74Mg5Pd21,0
Al75Ce10Co15,0
Al75Ce10Fe15,0
Al75Ce15Co10,0
Al75Ce15Cu10,0
Al75Ce15Fe10,0
Al75Ce15Nb10,0
Al75Ce20Fe5,0
Al75Ce5Co20,0
Al75Ce5Cu20,0
Al75Cr10Si15,0
Al75Cr15Si10,0
Al75Cr20Si5,0
Al75Cr5Si20,0
Al75Cu10V15,0
Al75Gd15Ni10,0
Al75Gd5Ni20,0
Al75Ge15V10,0
Al75La15Ni10,0
Al75Nd20Ni5,0
Al75Nd5Ni20,0
Al75Ni20Sm5,0
Al75Ni20Y5,0
Al75Ni5Sm20,0
Al75Ni5Y20,0
Al76.6Mn17.4Si6,0
Al76Cu8.5Mn15.5,0
Al77Ce10Co13,0
Al77Ce10Nb13,0
Al77Ce18Fe5,0
Al77Cu20V3,0
Al78.6Mn17.4Si4,0
Al80Ca10Ni10,0
Al80Ce10Cr10,0
Al80Ce10Mn10,0
Al80Ce10V10,0
Al80Ce15Co5,0
Al80Ce15Cr5,0
Al80Ce15Cu5,0
Al80Ce15Fe5,0
Al80Ce15Nb5,0
Al80Ce15Ni5,0
Al80Cr10Si10,0
Al80Cr5Si15,0
Al80Cu10La10,0
Al80Cu5V15,0
Al80Gd15Ni5,0
Al80La15Ni5,0
Al80Mn15Ni5,0
Al80Mn6Ni14,0
Al80Mn8Ni12,0
Al80Nd15Ni5,0
Al80Ni10Zr10,0
Al80Ni5Y15,0
Al82Fe4Ni14,0
Al82Mn4Ni14,0
Al82Mn6Ni12,0
Al82Mn8Ni10,0
Al82Ni10Zr8,0
Al83Ce10Cr7,0
Al83Ce10Mn7,0
Al83Ce2Cu15,0
Al83Fe3Ni14,0
Al83Mn4Ni13,0
Al83Ni15Zr2,0
Al84Co12Fe4,0
Al84Co14Fe2,0
Al84Co14Mn2,0
Al84Co8Ni8,0
Al84Fe2Ni14,0
Al84Fe3Ni13,0
Al84Fe4Ni12,0
Al84Fe8Ni8,0
Al84Mn2Ni14,0
Al84Mn4Ni12,0
Al84Mn6Ni10,0
Al84Mn8Ni8,0
Al85Ca5Ni10,0
Al85Ce10V5,0
Al85Ce13V2,0
Al85Ce5Mn10,0
Al85Ce5Nb10,0
Al85Co10Ni5,0
Al85Co1Ni14,0
Al85Cr10Si5,0
Al85Cr5Si10,0
Al85Cu10La5,0
Al85Fe1Ni14,0
Al85Fe2Ni13,0
Al85Fe3Ni12,0
Al85Fe5Ni10,0
Al85Fe8Si7,0
Al85Mn2Ni13,0
Al85Mn7Ni8,0
Al86Co10Fe4,0
Al86Co10Mn4,0
Al86Co12Mn2,0
Al86Co1Ni13,0
Al86Co2Ni12,0
Al86Co3Ni11,0
Al86Co4Fe10,0
Al86Co5Ni9,0
Al86Co6Fe8,0
Al86Co8Fe6,0
Al86Co8Mn6,0
Al86Fe10Ni4,0
Al86Fe12Ni2,0
Al86Fe12Si2,0
Al86Fe1Ni13,0
Al86Fe4Ni10,0
Al86Fe5Ni9,0
Al86Fe6Ni8,0
Al86Fe7Ni7,0
Al86Fe8Ni6,0
Al86Mn4Ni10,0
Al86Mn6Ni8,0
Al86Mn8Ni6,0
Al87.5Ca10Fe2.5,0
Al87.5Ca10Ni2.5,0
Al87.5Ca2.5Ni10,0
Al87.5Ni7.5Zr5,0
Al87Ce8Cr5,0
Al87Ce8Mn5,0
Al87Co4Ni9,0
Al87Co9Fe4,0
Al87Cu8V5,0
Al87Fe4Ni9,0
Al87Fe5Ni8,0
Al87Fe6Ni7,0
Al88.75Ca1.25Ni10,0
Al88Ce2Cu10,0
Al88Ce2Mn10,0
Al88Ce5Cu7,0
Al88Ce8V4,0
Al88Co10Fe2,0
Al88Co10Mn2,0
Al88Co10Ni2,0
Al88Co11Ni1,0
Al88Co1Ni11,0
Al88Co2Fe10,0
Al88Co2Ni10,0
Al88Co3Ni9,0
Al88Co4Fe8,0
Al88Co6Fe6,0
Al88Co6Mn6,0
Al88Co6Ni6,0
Al88Co7Ni5,0
Al88Co8Fe4,0
Al88Co8Mn4,0
Al88Co8Ni4,0
Al88Co9Ni3,0
Al88Cr10Si2,0
Al88Fe10Ni2,0
Al88Fe10Si2,0
Al88Fe2Ni10,0
Al88Fe4Ni8,0
Al88Fe5Ni7,0
Al88Fe6Ni6,0
Al88Fe8Ni4,0
Al88Mn4Ni8,0
Al88Mn6Ni6,0
Al88Mn8Ni4,0
Al89Ce1Fe10,0
Al89Ce6Mn5,0
Al89Ce6V5,0
Al89Ce8Cr3,0
Al89Co1Ni10,0
Al89Co2Ni9,0
Al89Co3Ni8,0
Al89Co4Ni7,0
Al89Co5Ni6,0
Al89Co6Ni5,0
Al89Fe1Ni10,0
Al89Fe2Ni9,0
Al89Fe3Ni8,0
Al89Fe4Ni7,0
Al89Fe5Ni6,0
Al89Fe6Ni5,0
Al89Fe7Ni4,0
Al89Fe9Ni2,0
Al89Mn2Ni9,0
Al8B10Co82,0
Al8B10Fe82,0
Al8B14Co78,0
Al8Ce6Cu86,0
Al8Cu82Nd10,0
Al8Cu86Nd6,0
Al8Cu88Nd4,0
Al8Ga2Mg90,0
Al8Ga3Mg89,0
Al90Ca5Fe5,0
Al90Ca5Ni5,0
Al90Ce5Cu5,0
Al90Ce5Nb5,0
Al90Ce5Ni5,0
Al90Co2Fe8,0
Al90Co2Mn8,0
Al90Co2Ni8,0
Al90Co4Fe6,0
Al90Co4Mn6,0
Al90Co4Ni6,0
Al90Co5Ni5,0
Al90Co6Fe4,0
Al90Co6Mn4,0
Al90Co6Ni4,0
Al90Co8Fe2,0
Al90Co8Mn2,0
Al90Co8Ni2,0
Al90Cr5Si5,0
Al90Fe1Ni9,0
Al90Fe2Ni8,0
Al90Fe4Ni6,0
Al90Fe5Ni5,0
Al90Fe6Ni4,0
Al90Fe8Ni2,0
Al90Fe8Si2,0
Al90La5Ni5,0
Al90Mn2Ni8,0
Al90Mn4Ni6,0
Al90Mn6Ni4,0
Al90Mn8Ni2,0
Al90Nd1Ni9,0
Al90Ni5Zr5,0
Al91Co1Ni8,0
Al91Co2Ni7,0
Al91Fe1Ni8,0
Al91Fe2Ni7,0
Al91Fe3Ni6,0
Al91Fe6Ni3,0
Al92.5Ca2.5Fe5,0
Al92.5Ca2.5Ni5,0
Al92Co2Fe6,0
Al92Co2Mn6,0
Al92Co2Ni6,0
Al92Co4Fe4,0
Al92Co4Mn4,0
Al92Co4Ni4,0
Al92Co6Fe2,0
Al92Co6Mn2,0
Al92Co6Ni2,0
Al92Fe2Ni6,0
Al92Fe4Ni4,0
Al92Fe5Ni3,0
Al92Fe6Ni2,0
Al92Mn2Ni6,0
Al92Mn4Ni4,0
Al92Mn6Ni2,0
Al92Nd2Ni6,0
Al92Nd4Ni4,0
Al92Nd6Ni2,0
Al93Ce2Cr5,0
Al93Ce2Mn5,0
Al94Ce2Cr4,0
Al94Ce2Fe4,0
Al94Ce2Mn4,0
Al94Ce2V4,0
Al94Ce4Co2,0
Al94Ce4Fe2,0
Al94Co2Fe4,0
Al94Co2Mn4,0
Al94Co2Ni4,0
Al94Co4Fe2,0
Al94Co4Mn2,0
Al94Co4Ni2,0
Al94Fe2Ni4,0
Al94Fe4Ni2,0
Al94Mn2Ni4,0
Al94Mn4Ni2,0
Al94Nd2Ni4,0
Al94Nd4Ni2,0
Al95.8Ni0.7Ti3.5,0
Al95Ce2Co3,0
Al96Co2Fe2,0
Al96Co2Mn2,0
Al96Co2Ni2,0
Al96Fe2Ni2,0
Al96Mn2Ni2,0
Al96Nd2Ni2,0
Al9Ga2Mg89,0
Au20.9Pd62.6Si16.5,0
B10C10Ni80,0
B10C15Ni75,0
B10C20Ni70,0
B10C5Ni85,0
B10C8Ni82,0
B10Co70Si20,0
B10Co80Si10,0
B10Co82Si8,0
B10Co85Si5,0
B10Cr10Fe80,0
B10Cr12Fe78,0
B10Cr14Fe76,0
B10Cr15Fe75,0
B10Cr18Fe72,0
B10Cr20Fe70,0
B10Cr22Fe68,0
B10Cr5Fe85,0
B10Cr8Fe82,0
B10Cu10Fe80,0
B10Cu15Fe75,0
B10Cu1Fe89,0
B10Cu3Fe87,0
B10Cu5Fe85,0
B10Fe20Mn70,0
B10Fe65Ni25,0
B10Fe70Ni20,0
B10Fe75Mn15,0
B10Fe75Ni15,0
B10Fe75V15,0
B10Fe80Mn10,0
B10Fe80V10,0
B10Fe83.5Si6.5,0
B10Fe83Si7,0
B10Fe85Mn5,0
B10Fe85Mo5,0
B10Fe85V5,0
B10Fe87Mn3,0
B10Fe88Zr2,0
B10Fe89Mn1,0
B10Fe89Ni1,0
B10Mo65Si25,0
B10Mo80Si10,0
B10Mo85Si5,0
B10Ni72Si18,0
B11.5C10Ni78.5,0
B11Fe75P14,0
B11Fe85P4,0
B12.5Co80.5Si7,0
B12C16Co72,0
B12C4Co84,0
B12C6Ni82,0
B12C8Co80,0
B12Cu10Fe78,0
B12Cu15Fe73,0
B12Cu1Fe87,0
B12Cu20Fe68,0
B12Cu3Fe85,0
B12Cu5Fe83,0
B12Fe20Mn68,0
B12Fe63Ni25,0
B12Fe73Mn15,0
B12Fe73V15,0
B12Fe78Mn10,0
B12Fe83Mn5,0
B12Fe83Ni5,0
B12Fe85Mn3,0
B12Fe85Ni3,0
B12Fe87Mn1,0
B12Fe87Ni1,0
B12Ni80Si8,0
B12Ni84Si4,0
B13C10Ni77,0
B13C12Ni75,0
B13Fe85Si2,0
B13Ni69Si18,0
B14C16Ni70,0
B14C20Ni66,0
B14C2Ni84,0
B14Co82Si4,0
B14Cu10Fe76,0
B14Cu15Fe71,0
B14Cu1Fe85,0
B14Cu20Fe66,0
B14Cu3Fe83,0
B14Cu5Fe81,0
B14Ni80Si6,0
B15C12Ni73,0
B15Co65Si20,0
B15Mo65Si20,0
B15Mo80Si5,0
B16C16Co68,0
B16C20Co64,0
B16Cu10Fe74,0
B16Cu15Fe69,0
B16Cu1Fe83,0
B16Cu20Fe64,0
B16Cu3Fe81,0
B16Cu5Fe79,0
B16Ni68Si16,0
B16Ni80Si4,0
B17C16Ni67,0
B17C8Ni75,0
B17Fe80P3,0
B18C6Ni76,0
B18Cu10Fe72,0
B18Cu15Fe67,0
B18Cu1Fe81,0
B18Cu20Fe62,0
B18Cu5Fe77,0
B18Fe79P3,0
B19Fe75P6,0
B19Fe77P4,0
B19Ni67Si14,0
B1Cu20Zr79,0
B1Cu75Zr24,0
B2.5Cu75Zr22.5,0
B20C6Ni74,0
B20C8Ni72,0
B20Co60Si20,0
B20Co62.5Si17.5,0
B20Cu10Fe70,0
B20Cu1Fe79,0
B20Cu5Fe75,0
B20Mo60Si20,0
B20Mo65Si15,0
B20Mo77.5Si2.5,0
B20Ni77.5Si2.5,0
B22.5Co60Si17.5,0
B22C2Ni76,0
B22C5Ni73,0
B22C8Ni70,0
B22Fe76Si2,0
B22Ni75.5Si2.5,0
B24C4Ni72,0
B24Fe73Si3,0
B24Fe74Si2,0
B24Ni64Si12,0
B25Mo60Si15,0
B25Mo70Si5,0
B25Ni72.5Si2.5,0
B26C2Ni72,0
B26C4Ni70,0
B28C20Co52,0
B28Ni60Si12,0
B28Ni64Si8,0
B28Ni69Si3,0
B2Co82Zr16,0
B2Cr12Fe86,0
B2Cr14Fe84,0
B2Cr16Fe82,0
B2Cr20Fe78,0
B2Fe73Ni25,0
B2Fe78Mo20,0
B2Fe78Ni20,0
B2Fe80Mo18,0
B2Fe83Mo15,0
B2Fe83Ni15,0
B2Fe86Mo12,0
B2Fe88Mo10,0
B2Fe88Ni10,0
B2Fe90Mo8,0
B2Fe93Mo5,0
B30Mo60Si10,0
B30Ni66Si4,0
B32C20Co48,0
B36C12Co52,0
B36C16Co48,0
B36C8Co56,0
B3Fe82Zr15,0
B3Fe83P14,0
B3Fe85Nb12,0
B3Fe92Nb5,0
B40C2Co58,0
B40C4Ni56,0
B40C6Ni54,0
B41C6Ni53,0
B42.5C2.5Ni55,0
B44C2.5Ni53.5,0
B46C4Ni50,0
B46C8Ni46,0
B4Cr12Fe84,0
B4Cr14Fe82,0
B4Cr15Fe81,0
B4Cr16Fe80,0
B4Cr20Fe76,0
B4Cr5Fe91,0
B4Cu10Fe86,0
B4Cu1Fe95,0
B4Cu5Fe91,0
B4Fe71Ni25,0
B4Fe76Mo20,0
B4Fe76Ni20,0
B4Fe78Mo18,0
B4Fe81Mo15,0
B4Fe81Ni15,0
B4Fe84Mo12,0
B4Fe84P12,0
B4Fe86Mo10,0
B4Fe86Ni10,0
B4Fe86V10,0
B4Fe88Mo8,0
B4Fe91Mn5,0
B4Fe91Mo5,0
B4Fe91Ni5,0
B4Fe91V5,0
B4Fe93Mn3,0
B4Fe93Ni3,0
B4Fe95Mn1,0
B4Fe95Ni1,0
B50C4Ni46,0
B50C8Ni42,0
B58C4Ni38,0
B5C15Ni80,0
B5C20Ni75,0
B5C5Ni90,0
B5Co75Si20,0
B5Fe80Nb15,0
B5Fe81Nd14,0
B5Fe83Nb12,0
B5Fe84P11,0
B5Fe90Zr5,0
B5Mo70Si25,0
B5Mo75Si20,0
B5Mo80Si15,0
B5Mo85Si10,0
B5Mo90Si5,0
B6Co84Nb10,0
B6Cr12Fe82,0
B6Cr14Fe80,0
B6Cr15Fe79,0
B6Cr16Fe78,0
B6Cr18Fe76,0
B6Cr20Fe74,0
B6Cr22Fe72,0
B6Cr24Fe70,0
B6Cr26Fe68,0
B6Cr5Fe89,0
B6Cu10Fe84,0
B6Cu15Fe79,0
B6Cu1Fe93,0
B6Cu3Fe91,0
B6Cu5Fe89,0
B6Fe69Ni25,0
B6Fe74Mo20,0
B6Fe74Ni20,0
B6Fe76Mo18,0
B6Fe78Nd16,0
B6Fe79Mn15,0
B6Fe79Mo15,0
B6Fe79Nb15,0
B6Fe79Ni15,0
B6Fe81.5Si12.5,0
B6Fe82Mo12,0
B6Fe83Si11,0
B6Fe84Mn10,0
B6Fe84Mo10,0
B6Fe84Ni10,0
B6Fe84P10,0
B6Fe84V10,0
B6Fe86Mo8,0
B6Fe89Mn5,0
B6Fe89Mo5,0
B6Fe89Nb5,0
B6Fe89Ni5,0
B6Fe89V5,0
B6Fe91Mn3,0
B6Fe93Mn1,0
B6Fe93Ni1,0
B6Ni76Si18,0
B7.5Cu15Zr77.5,0
B7.5Fe74.5Si18,0
B7.5Fe82.5Si10,0
B7.5Ni76.5Si16,0
B7Fe84P9,0
B7Fe85Mo8,0
B7Fe88Zr5,0
B81.5Fe12.5Si6,0
B8C12Co80,0
B8C4Co88,0
B8C8Co84,0
B8Cr12Fe80,0
B8Cr14Fe78,0
B8Cr15Fe77,0
B8Cr16Fe76,0
B8Cr18Fe74,0
B8Cr20Fe72,0
B8Cr22Fe70,0
B8Cr24Fe68,0
B8Cr26Fe66,0
B8Cr5Fe87,0
B8Cu10Fe82,0
B8Cu15Fe77,0
B8Cu1Fe91,0
B8Cu3Fe89,0
B8Cu5Fe87,0
B8Fe20Mn72,0
B8Fe67Ni25,0
B8Fe72Mo20,0
B8Fe72Ni20,0
B8Fe74Mo18,0
B8Fe77Mn15,0
B8Fe77Mo15,0
B8Fe77Ni15,0
B8Fe80Mo12,0
B8Fe82Mn10,0
B8Fe82Mo10,0
B8Fe82Ni10,0
B8Fe82V10,0
B8Fe87Mn5,0
B8Fe87Mo5,0
B8Fe87Nb5,0
B8Fe87Ni5,0
B8Fe87V5,0
B8Fe89Mn3,0
B8Fe89Ni3,0
B8Fe90Zr2,0
B8Fe91Mn1,0
B8Fe91Ni1,0
B8Ni80Si12,0
B9Fe80Si11,0
B9Fe83Mo8,0
B9Fe83Si8,0
Be10Si15Ti75,0
Be15Si10Ti75,0
Be15Si15Ti70,0
Be20Nb10Zr70,0
Be20Nb15Zr65,0
Be20Nb20Zr60,0
Be20Si15Ti65,0
Be20Si5Ti75,0
Be25Nb10Zr65,0
Be25Nb15Zr60,0
Be25Si10Ti65,0
Be25Si15Ti60,0
Be30Si10Ti60,0
Be30Si15Ti55,0
Be35Si10Ti55,0
Be35Si15Ti50,0
Be40Si10Ti50,0
Be40Si5Ti55,0
Be45Si5Ti50,0
C10Co70W20,0
C10Co75Si15,0
C10Co75W15,0
C10Co80W10,0
C10Co82.5W7.5,0
C10Co85Si5,0
C10Co87.5W2.5,0
C10Cr15Fe75,0
C10Fe74W16,0
C10Fe78W12,0
C10Fe82.5P7.5,0
C10Fe82W8,0
C10Fe86W4,0
C10Mo24Ni66,0
C10Mo32Ni58,0
C10Ni65Si25,0
C10Ni67.5Si22.5,0
C10Ni70Si20,0
C10Ni75Si15,0
C10Ni80Si10,0
C10Ni85Si5,0
C12.5Co67.5W20,0
C12.5Co70W17.5,0
C12.5Co75W12.5,0
C12.5Co77.5W10,0
C12.5Co80W7.5,0
C12.5Co85W2.5,0
C12Co68W20,0
C12Co74W14,0
C12Mo12Ni76,0
C12Mo16Ni72,0
C12Mo28Ni60,0
C13Cr40Fe47,0
C14Co40Cr46,0
C14Co46Mo40,0
C14Co50Mo36,0
C14Co62Mo24,0
C14Co66W20,0
C14Co70Mo16,0
C14Co74Mo12,0
C14Co76Mo10,0
C14Co76W10,0
C14Cr28Fe58,0
C14Cr40Fe46,0
C14Fe66W20,0
C14Fe70W16,0
C14Fe74W12,0
C14Fe78W8,0
C14Fe82W4,0
C14Mo28Ni58,0
C15Co65W20,0
C15Co67.5W17.5,0
C15Co75Si10,0
C15Co75W10,0
C15Co77.5W7.5,0
C15Co80Si5,0
C15Co80W5,0
C15Cr10Fe75,0
C15Fe80P5,0
C15Ni70Si15,0
C15Ni75Si10,0
C15Ni80Si5,0
C16Co44Cr40,0
C16Co48Cr36,0
C16Co52Cr32,0
C16Co56Cr28,0
C16Co60Cr24,0
C16Co64W20,0
C16Co68W16,0
C16Co74Mo10,0
C16Co74W10,0
C16Fe80W4,0
C16Mo16Ni68,0
C17.5Co65W17.5,0
C17.5Fe77.5P5,0
C17Fe73W10,0
C18Co42Mo40,0
C18Co58W24,0
C18Co60Cr22,0
C18Co62W20,0
C18Co66W16,0
C18Co68W14,0
C18Co72W10,0
C18Co74.5W7.5,0
C18Co74Mo8,0
C18Co77W5,0
C18Fe62W20,0
C18Fe66W16,0
C18Fe68W14,0
C18Fe70W12,0
C18Fe74W8,0
C18Fe78W4,0
C18Mo12Ni70,0
C18Mo16Ni66,0
C18Mo20Ni62,0
C18Mo24Ni58,0
C18Mo28Ni54,0
C2.5Co95W2.5,0
C2.5Fe85P12.5,0
C20Co56Cr24,0
C20Co60W20,0
C20Co65W15,0
C20Co68W12,0
C20Co70Si10,0
C20Co70W10,0
C20Co75Si5,0
C20Co75W5,0
C20Cr22Fe58,0
C20Fe64W16,0
C20Fe70W10,0
C20Fe72W8,0
C20Fe76W4,0
C20Ni70Si10,0
C20Ni75Si5,0
C22Co48Cr30,0
C22Co52Cr26,0
C22Fe62W16,0
C22Fe70W8,0
C22Fe74W4,0
C3Si12Zr85,0
C5Co70Si25,0
C5Co75Si20,0
C5Co80Si15,0
C5Co80W15,0
C5Co85W10,0
C5Co90W5,0
C5Cr5Fe90,0
C5Fe79W16,0
C5Fe82.5P12.5,0
C5Fe85P10,0
C5Ni70Si25,0
C5Ni75Si20,0
C5Ni80Si15,0
C5Ni85Si10,0
C5Ni90Si5,0
C6Fe82W12,0
C6Fe86W8,0
C6Fe90W4,0
C7.5Co77.5W15,0
C7.5Co82.5W10,0
C7.5Co85W7.5,0
C7.5Fe82.5P10,0
C7.5Fe85P7.5,0
C7Fe79W14,0
C8Cr20Fe72,0
C8Cr40Fe52,0
C8Mo20Ni72,0
C8Mo28Ni64,0
Ca5Cu10Mg85,0
Ca5Cu5Mg90,0
Ca5Mg85Zn10,0
Ca5Mg90Zn5,0
Ca7.5Mg82.5Zn10,0
Ca7.5Mg87.5Zn5,0
Ce10Cu5Mg85,0
Ce15Cu10Mg75,0
Ce15Cu25Mg60,0
Ce15Cu5Mg80,0
Ce20Cu10Mg70,0
Ce20Cu15Mg65,0
Ce20Cu20Mg60,0
Ce20Cu25Mg55,0
Ce20Cu5Mg75,0
Ce20Mg40Ni40,0
Ce20Mg70Ni10,0
Ce25Cu25Mg50,0
Ce30Mg40Ni30,0
Ce5Cu5Mg90,0
Ce5Mg90Ni5,0
Co10Ni68.5P21.5,0
Co10Ni71P19,0
Co10Ni73P17,0
Co12.5Ni66P21.5,0
Co12.5Ni68.5P19,0
Co12.5Ni70.5P17,0
Co14Ni64.5P21.5,0
Co14Ni67P19,0
Co14Ni69P17,0
Co16Ni65P19,0
Co20.9Pd62.6Si16.5,0
Co2Ni76P22,0
Co2Ni81P17,0
Co3.5Ni74.5P22,0
Co3.5Ni79.5P17,0
Co5Ni73P22,0
Co5Ni78P17,0
Co7Ni71P22,0
Co7Ni76P17,0
Co9Ni69.5P21.5,0
Co9Ni74P17,0
Cr69.6Ni16.2P14.2,0
Cr70Ni10P20,0
Cr72.5Ni13.5P14,0
Cu10Hf80Ni10,0
Cu10La10Mg80,0
Cu10La40Mg50,0
Cu10Mg60Y30,0
Cu10Mg65Nd25,0
Cu10Mg89Y1,0
Cu10Ni10Ti80,0
Cu10Ni10Zr80,0
Cu10Ni40Ti50,0
Cu10Ni50Ti40,0
Cu10Ni60Ti30,0
Cu10Ni70Ti20,0
Cu10Ni80Ti10,0
Cu12Ni67P21,0
Cu13Ni37Ti50,0
Cu13Ni66P21,0
Cu13Ni67P20,0
Cu13Ni69P18,0
Cu14Ni66P20,0
Cu14Ni68P18,0
Cu15La10Mg75,0
Cu15La15Mg70,0
Cu15La30Mg55,0
Cu15Mg60Nd25,0
Cu15Mg84Y1,0
Cu15Ni10Ti75,0
Cu15Ni35Ti50,0
Cu15Ni5Ti80,0
Cu1Mg79Y20,0
Cu1Mg89Y10,0
Cu1Ni75P24,0
Cu1Ni83P16,0
Cu20Hf10Ni70,0
Cu20Hf75Ni5,0
Cu20La20Mg60,0
Cu20La25Mg55,0
Cu20La50Mg30,0
Cu20Mg40Nd40,0
Cu20Ni40Ti40,0
Cu20Ni50Ti30,0
Cu20Ni5Zr75,0
Cu20Ni60Ti20,0
Cu20Ni60Zr20,0
Cu20Ni70Ti10,0
Cu25La25Mg50,0
Cu26.7Pd56.8Si16.5,0
Cu2Ni74P24,0
Cu2Ni82P16,0
Cu30Hf10Ni60,0
Cu30La50Mg20,0
Cu30Mg30Y40,0
Cu30Ni40Ti30,0
Cu30Ni50Ti20,0
Cu30Ni50Zr20,0
Cu30Ni60Ti10,0
Cu31Ti41Zr28,0
Cu34Ti44Zr22,0
Cu35Ni35Ti30,0
Cu3Ni73P24,0
Cu3Ni81P16,0
Cu40.9Mg40.9Ca18.2,0
Cu40Hf10Ni50,0
Cu40La40Mg20,0
Cu40Mg20Nd40,0
Cu40Mg20Y40,0
Cu40Ni40Ti20,0
Cu40Ni40Zr20,0
Cu45.5Mg45.5Ca9.0,0
Cu4Ni80P16,0
Cu50Hf10Ni40,0
Cu50La30Mg20,0
Cu50Ni30Ti20,0
Cu50Ni30Zr20,0
Cu50Ni40Ti10,0
Cu54.5Mg9.1Ca36.4,0
Cu5Mg65Y30,0
Cu5Mg75Y20,0
Cu5Mg80Nd15,0
Cu5Mg90Nd5,0
Cu5Mg90Y5,0
Cu5Ni10Ti85,0
Cu5Ni15Ti80,0
Cu5Ni20Zr75,0
Cu5Ni45Ti50,0
Cu5Ni5Ti90,0
Cu60Hf10Ni30,0
Cu60Mg30Nd10,0
Cu60Ni20Zr20,0
Cu70Hf10Ni20,0
Cu70Hf20Ni10,0
Cu70Mg10Nd20,0
Cu70Ni10Ti20,0
Cu70Ni10Zr20,0
Cu70Ni20Ti10,0
Cu75Ti8Zr17,0
Cu80Ni10Ti10,0
Dy84Fe6Zr10,0
Fe15Pd68.5Si16.5,0
Fe84Gd6Zr10,0
Fe88Pr2Zr10,0
La10Mg85Ni5,0
La15Mg80Ni5,0
La20Mg70Ni10,0
La30Mg60Ni10,0
La40Mg10Ni50,0
La40Mg40Ni20,0
La50Mg20Ni30,0
La5Mg90Ni5,0
Mg10Nd30Ni60,0
Mg10Nd70Ni20,0
Mg20Nd70Ni10,0
Mg30Nd20Ni50,0
Mg30Nd60Ni10,0
Mg40Nd50Ni10,0
Mg40Ni40Y20,0
Mg50Nd10Ni40,0
Mg50Nd40Ni10,0
Mg50Ni40Y10,0
Mg70Ni10Y20,0
Mg77.5Mn10Y12.5,0
Mg80Mn15Y5,0
Mg80Nd15Ni5,0
Mg80Ni5Y15,0
Mg81Mn4Y15,0
Mg82.5Mn10Y7.5,0
Mg82Mn8Y10,0
Mg83Mn2Y15,0
Mg84.5Mn8Y7.5,0
Mg87.5Mn10Y2.5,0
Mg89.5Mn8Y2.5,0
Mg90.5Mn2Y7.5,0
Mg90Nd5Ni5,0
Mg90Ni5Y5,0
Mg93.5Mn4Y2.5,0
Mg93Mn2Y5,0
Mg95.5Mn2Y2.5,0
Mo35Nb45Si20,0
Nb10Si10Ti80,0
Nb20Si10Ti70,0
Nb30Si10Ti60,0
Nb30Si11Zr59,0
Nb30Si12Ti58,0
Nb30Si13Ti57,0
Nb30Si20Ti50,0
Nb30Si5Zr65,0
Nb30Si7Zr63,0
Nb30Si9Zr61,0
Nb40Si5Zr55,0
Nb40Si7Zr53,0
Nb47Si13Ti40,0
Nb47Si25Ti28,0
Nb50Si13Ti37,0
Nb50Si15Ti35,0
Nb50Si20Zr30,0
Nb50Si25Ti25,0
Nb55Si20V25,0
Nb65Si20Ta15,0
Nb65Si20W15,0
Ni10Si20Ti70,0
Ni10Si5Ti85,0
Ni15Si20Ti65,0
Ni15Si5Ti80,0
Ni20Si20Ti60,0
Ni25Si20Ti55,0
Ni30Si30Ti40,0
Ni30Si40Ti30,0
Ni32P20Pt48,0
Ni40Si30Ti30,0
Ni45Si10Ti45,0
Ni45Si5Ti50,0
Ni50Si20Ti30,0
Ni50Si30Ti20,0
Ni50Si5Ti45,0
Ni58.5Pd25Si16.5,0
Ni5Si10Ti85,0
Ni5Si20Ti75,0
Ni60P25Pt15,0
Ni72P20Pt8,0
Pd76.8Rh6.7Si16.5,0
Si10Ti70V20,0
Si10Ti85V5,0
Si15Ti50V35,0
Si20Ti60V20,0
Si82Ti8Zr10,0
Si84Ti6Zr10,0
Si86Ti4Zr10,0
Si88Ti2Zr10,0
Al13La87,0.1
Al20La80,0.1
Al25Tb75,0.1
Al30Ca70,0.1
Al30La70,0.1
Al40Ca60,0.1
Al40Gd60,0.1
Al40La60,0.1
Al45Gd55,0.1
Al50Gd50,0.1
Al50La50,0.1
Al55Gd45,0.1
Al55La45,0.1
Al57La43,0.1
Al84Sm16,0.1
Al85Y15,0.1
Al86La14,0.1
Al86Nd14,0.1
Al86Sm14,0.1
Al86Y14,0.1
Al87Ce13,0.1
Al87Y13,0.1
Al88Ce12,0.1
Al88Gd12,0.1
Al88Nd12,0.1
Al88Sm12,0.1
Al88Y12,0.1
Al89Ca11,0.1
Al89Ce11,0.1
Al89Y11,0.1
Al90Ca10,0.1
Al90Ce10,0.1
Al90Gd10,0.1
Al90La10,0.1
Al90Nd10,0.1
Al90Sm10,0.1
Al90Y10,0.1
Al91Ca9,0.1
Al91Ce9,0.1
Al92Ce8,0.1
Al92Gd8,0.1
Al92La8,0.1
Al92Nd8,0.1
Al92Sm8,0.1
Al92Y8,0.1
Al93Ce7,0.1
Al9Y9,0.1
Au25Gd75,0.1
B11Co89,0.1
B12Co88,0.1
B12Fe88,0.1
B13Fe87,0.1
B14Fe86,0.1
B15Fe85,0.1
B16Co84,0.1
B16Fe84,0.1
B17.5Fe82.5,0.1
B17Co83,0.1
B18.5Co81.5,0.1
B18.5Fe81.5,0.1
B18.5Ni81.5,0.1
B18Co82,0.1
B18Fe82,0.1
B18Ni82,0.1
B19Fe81,0.1
B20Co80,0.1
B20Fe80,0.1
B22.5Fe77.5,0.1
B22Co78,0.1
B22Fe78,0.1
B24Co76,0.1
B25Co75,0.1
B25Fe75,0.1
B26Co74,0.1
B28Co72,0.1
B28Ni72,0.1
B29Co71,0.1
B30Co70,0.1
B30Ni70,0.1
B32Co68,0.1
B34Co66,0.1
B34Ni66,0.1
B35Co65,0.1
B36Co64,0.1
B38Co62,0.1
B38Ni62,0.1
B40Co60,0.1
B40Ni60,0.1
B41Co59,0.1
B42Ni58,0.1
B9Fe91,0.1
Be30Zr70,0.1
Be32.5Zr67.5,0.1
Be35Zr65,0.1
Be37.5Ti62.5,0.1
Be37Ti63,0.1
Be38Ti62,0.1
Be39Ti61,0.1
Be40Ti60,0.1
Be40Zr60,0.1
Be41Ti59,0.1
Be45Zr55,0.1
Be50Zr50,0.1
Ca60Mg40,0.1
Ca70Cu30,0.1
Ca70Mg30,0.1
Co30Zr70,0.1
Co33Hf67,0.1
Co33Zr67,0.1
Co55Zr45,0.1
Co84Zr16,0.1
Co90Zr10,0.1
Co91Zr9,0.1
Cu20Mg80,0.1
Cu27La73,0.1
Cu30Hf70,0.1
Cu30Mg70,0.1
Cu30Zr70,0.1
Cu33Zr67,0.1
Cu35Ti65,0.1
Cu37.5La62.5,0.1
Cu37La63,0.1
Cu40Hf60,0.1
Cu40Mg60,0.1
Cu40Ti60,0.1
Cu40Y60,0.1
Cu40Zr60,0.1
Cu45Ti55,0.1
Cu50Hf50,0.1
Cu50Ti50,0.1
Cu55Ti45,0.1
Cu56Zr44,0.1
Cu60Hf40,0.1
Cu60Ti40,0.1
Cu60Zr40,0.1
Cu62Zr38,0.1
Cu65Zr35,0.1
Cu70Hf30,0.1
Cu70Ti30,0.1
Cu70Zr30,0.1
Cu73Ti27,0.1
Fe24Zr76,0.1
Fe25Sc75,0.1
Fe30Zr70,0.1
Fe33Zr67,0.1
Fe40Nd60,0.1
Fe50Nd50,0.1
Fe50Ni50,0.1
Fe60Nd40,0.1
Fe67Nd33,0.1
Fe75Nd25,0.1
Fe79Nd21,0.1
Fe80Nd20,0.1
Fe80P20,0.1
Fe82Nd18,0.1
Fe85Nd15,0.1
Fe88Zr12,0.1
Fe89Nd11,0.1
Fe89Zr11,0.1
Fe90Sc10,0.1
Fe90Zr10,0.1
Fe91Zr9,0.1
Fe92Zr8,0.1
Gd56Si44,0.1
Ge13Zr87,0.1
Ge15Zr85,0.1
Ge17Zr83,0.1
Ge21Pd79,0.1
Hf30Ni70,0.1
Hf40Ni60,0.1
Hf50Ni50,0.1
Hf60Ni40,0.1
Hf67Ni33,0.1
Hf70Ni30,0.1
Hf85Si15,0.1
La48Ni52,0.1
La60Ni40,0.1
La70Ni30,0.1
La80Ni20,0.1
Mg60Zn40,0.1
Mg65Zn35,0.1
Mg70Zn30,0.1
Mg75Zn25,0.1
Mg80Ni20,0.1
Mg84Y16,0.1
Mg85Ni15,0.1
Mg85Y15,0.1
Mg90Ni10,0.1
Mn90Zr10,0.1
Nb60Ni40,0.1
Nb77Si23,0.1
Nb80Si20,0.1
Nb85Si15,0.1
Nd60Ni40,0.1
Nd70Ni30,0.1
Ni18Zr82,0.1
Ni20Pd80,0.1
Ni20Zr80,0.1
Ni28Zr72,0.1
Ni30Ti70,0.1
Ni30Zr70,0.1
Ni33Ti67,0.1
Ni33Zr67,0.1
Ni35Ti65,0.1
Ni36Zr64,0.1
Ni40Ti60,0.1
Ni40Zr60,0.1
Ni45Ti55,0.1
Ni50Pd50,0.1
Ni50Ta50,0.1
Ni60Ta40,0.1
Ni60Ti40,0.1
Ni60Zr40,0.1
Ni63Zr37,0.1
Ni65Ta35,0.1
Ni65Zr35,0.1
Ni67Zr33,0.1
Ni68Zr32,0.1
Ni70Ta30,0.1
Ni70Zr30,0.1
Ni80Ta20,0.1
Ni81.5P18.5,0.1
Ni81P19,0.1
Ni82P18,0.1
Ni90Ta10,0.1
Ni90Zr10,0.1
P19Pd81,0.1
Pd78Si22,0.1
Pd79Si21,0.1
Pd82.4Si17.6,0.1
Pd83.5Si16.5,0.1
Pd84Si16,0.1
Pd85Si15,0.1
Si13Ti87,0.1
Si13Zr87,0.1
Si15Ti85,0.1
Si15Zr85,0.1
Si17Zr83,0.1
Si20Ti80,0.1
Si22Ti78,0.1
Si80Ti20,0.1
Si85Ti15,0.1
Ti15Zr85,0.1
Ti20Zr80,0.1
Ti22Zr78,0.1
(Fe50Ni50)83B17,0.1
Ag1.7Pd81.8Si16.5,0.1
Ag10.5Cu81.5P8,0.1
Ag10.5Cu81.9P7.6,0.1
Ag10.5Cu82.5P7,0.1
Ag10Ce10Cu80,0.1
Ag10Ce6Cu84,0.1
Ag10Mg60Y30,0.1
Ag10Mg70Y20,0.1
Ag10Mg80Y10,0.1
Ag10Pd73.5Si16.5,0.1
Ag12.2Cu80.3P7.5,0.1
Ag12.2Cu80.8P7,0.1
Ag12.5Pd71Si16.5,0.1
Ag15Al10Mg75,0.1
Ag15Ce6Cu79,0.1
Ag15Mg80Y5,0.1
Ag15Pd68.5Si16.5,0.1
Ag20Al25La55,0.1
Ag20Ce10Cu70,0.1
Ag20Ce6Cu74,0.1
Ag20Mg30Y50,0.1
Ag20Mg40Y40,0.1
Ag20Mg50Y30,0.1
Ag20Mg60Y20,0.1
Ag20Mg70Y10,0.1
Ag25Al10Mg65,0.1
Ag25Al20Mg55,0.1
Ag25Ce6Cu69,0.1
Ag25Mg60Y15,0.1
Ag25Mg65Y10,0.1
Ag25Mg70Y5,0.1
Ag28Cu30Fe42,0.1
Ag29Cu30Fe41,0.1
Ag30Ce10Cu60,0.1
Ag30Ce6Cu64,0.1
Ag30Cu30Fe40,0.1
Ag30Mg30Y40,0.1
Ag30Mg40Y30,0.1
Ag30Mg50Y20,0.1
Ag30Mg55Y15,0.1
Ag30Mg60Y10,0.1
Ag35Al10Mg55,0.1
Ag35Al20Mg45,0.1
Ag35Ce4Cu61,0.1
Ag35Ce5Cu60,0.1
Ag35Ce6Cu59,0.1
Ag35Cu35Mg30,0.1
Ag37.5Cu37.5Ge25,0.1
Ag38.75Cu38.75Ge22.5,0.1
Ag38Cu22Fe40,0.1
Ag4.2Pd79.3Si16.5,0.1
Ag4.5Pd75.5Si20,0.1
Ag4.5Pd79Si16.5,0.1
Ag40Ce10Cu50,0.1
Ag40Ce3Cu57,0.1
Ag40Ce4Cu56,0.1
Ag40Ce5Cu55,0.1
Ag40Ce8Cu52,0.1
Ag40Cu40Ge20,0.1
Ag40Mg30Y30,0.1
Ag40Mg40Y20,0.1
Ag40Mg50Y10,0.1
Ag41Cu23Fe36,0.1
Ag45Al20Mg35,0.1
Ag45Ce3Cu52,0.1
Ag45Ce4Cu51,0.1
Ag45Ce5Cu50,0.1
Ag46Cu12Fe42,0.1
Ag4Pd79.5Si16.5,0.1
Ag5.5Pd78Si16.5,0.1
Ag50Ce10Cu40,0.1
Ag50Ce3Cu47,0.1
Ag50Ce4Cu46,0.1
Ag50Ce5Cu45,0.1
Ag50Mg30Y20,0.1
Ag55Ce5Cu40,0.1
Ag55Ce6Cu39,0.1
Ag55Ce8Cu37,0.1
Ag5Mg80Y15,0.1
Ag5Pd77Si18,0.1
Ag5Pd79Si16,0.1
Ag6.7Pd76.8Si16.5,0.1
Ag6Pd77.5Si16.5,0.1
Ag7.1Cu85.2P7.7,0.1
Ag7.5Cu85.5P7,0.1
Ag8.5Pd75Si16.5,0.1
Ag8.9Cu83.5P7.6,0.1
Ag9Cu82.8P8.2,0.1
Ag9Cu84P7,0.1
Al0.018Fe89.982Zr10,0.1
Al0.036Fe89.964Zr10,0.1
Al0.054Fe89.946Zr10,0.1
Al0.09Fe89.91Zr10,0.1
Al10Ca60Ga30,0.1
Al10Ce8Cu82,0.1
Al10Cu25Hf65,0.1
Al10Cu25Ti65,0.1
Al10Cu25Zr65,0.1
Al10Cu30La60,0.1
Al10Cu30Ti60,0.1
Al10Cu35Ti55,0.1
Al10Cu36Y54,0.1
Al10Cu50Ti40,0.1
Al10Cu60Ti30,0.1
Al10Cu82Nd8,0.1
Al10Hf65Ni25,0.1
Al10La30Ni60,0.1
Al10La35Ni55,0.1
Al10La40Ni50,0.1
Al10La45Ni45,0.1
Al10La50Ni40,0.1
Al10La55Ni35,0.1
Al10La60Ni30,0.1
Al10La65Ni25,0.1
Al10La70Ni20,0.1
Al10La75Ni15,0.1
Al10La80Ni10,0.1
Al10La86Ni4,0.1
Al10Mg65Zn25,0.1
Al10Mg70Zn20,0.1
Al10Mg75Zn15,0.1
Al10Ni10Zr80,0.1
Al10Ni15Zr75,0.1
Al10Ni20Zr70,0.1
Al10Ni25Ti65,0.1
Al10Ni25Zr65,0.1
Al10Ni30Ti60,0.1
Al10Ni30Zr60,0.1
Al10Ni32.4Zr57.6,0.1
Al10Ni35Zr55,0.1
Al10Ni36Ti54,0.1
Al10Ni40Ti50,0.1
Al10Ni40Zr50,0.1
Al10Ni50Zr40,0.1
Al10Ni55Zr35,0.1
Al10Ni60Zr30,0.1
Al11La27Ni62,0.1
Al11La87Ni2,0.1
Al11Ni60Zr29,0.1
Al11Ni6Zr83,0.1
Al12B14Fe74,0.1
Al12B18Co70,0.1
Al12B18Ni70,0.1
Al12B22Co66,0.1
Al12B22Fe66,0.1
Al12B22Ni66,0.1
Al12B26Co62,0.1
Al12B26Ni62,0.1
Al12B30Co58,0.1
Al12B30Ni58,0.1
Al12B34Co54,0.1
Al12B34Ni54,0.1
Al12B38Co50,0.1
Al12Ce8Cu80,0.1
Al12Cu80Nd8,0.1
Al12Ga12Mg76,0.1
Al13Ni58Zr29,0.1
Al14Ni4Zr82,0.1
Al15Ca70Mg15,0.1
Al15Cu20Zr65,0.1
Al15Cu25La60,0.1
Al15Cu25Ti60,0.1
Al15Cu25Zr60,0.1
Al15Cu30Ti55,0.1
Al15Cu34Ti51,0.1
Al15Cu34Y51,0.1
Al15Cu35Ti50,0.1
Al15Cu40Ti45,0.1
Al15Cu50Ti35,0.1
Al15Cu60Ti25,0.1
Al15Fe15Zr70,0.1
Al15La26Ni59,0.1
Al15La30Ni55,0.1
Al15La40Ni45,0.1
Al15La50Ni35,0.1
Al15La55Ni30,0.1
Al15La60Ni25,0.1
Al15La65Ni20,0.1
Al15La70Ni15,0.1
Al15La75Ni10,0.1
Al15La80Ni5,0.1
Al15Mn15Zr70,0.1
Al15Ni10Zr75,0.1
Al15Ni15Zr70,0.1
Al15Ni20Zr65,0.1
Al15Ni25Ti60,0.1
Al15Ni30.6Zr54.4,0.1
Al15Ni30Zr55,0.1
Al15Ni35Zr50,0.1
Al15Ni40Zr45,0.1
Al15Ni45Zr40,0.1
Al15Ni50Zr35,0.1
Al15Ni55Zr30,0.1
Al15Ni5Zr80,0.1
Al16B14Co70,0.1
Al16B14Fe70,0.1
Al16B18Co66,0.1
Al16B18Fe66,0.1
Al16B18Ni66,0.1
Al16B22Co62,0.1
Al16B22Fe62,0.1
Al16B22Ni62,0.1
Al16B26Co58,0.1
Al16B26Fe58,0.1
Al16B26Ni58,0.1
Al16B30Co54,0.1
Al16B30Ni54,0.1
Al16B34Co50,0.1
Al16B34Ni50,0.1
Al16B38Ni46,0.1
Al16Ni56Zr28,0.1
Al17La24Ni59,0.1
Al18Ga36Mg46,0.1
Al18Ni2Zr80,0.1
Al18Ni54Zr28,0.1
Al19La22Ni59,0.1
Al1La49Ni50,0.1
Al1La81Ni18,0.1
Al1Ni16Zr83,0.1
Al2.5Fe65Tb32.5,0.1
Al20B14Fe66,0.1
Al20B18Fe62,0.1
Al20B18Ni62,0.1
Al20B22Ni58,0.1
Al20B26Co54,0.1
Al20B26Fe54,0.1
Al20B26Ni54,0.1
Al20B30Co50,0.1
Al20B30Fe50,0.1
Al20B30Ni50,0.1
Al20B34Co46,0.1
Al20B34Fe46,0.1
Al20B34Ni46,0.1
Al20B38Co42,0.1
Al20B40Ni40,0.1
Al20Ca10Mg70,0.1
Al20Ca60Ga20,0.1
Al20Cr10Zr70,0.1
Al20Cu15Zr65,0.1
Al20Cu20La60,0.1
Al20Cu25La55,0.1
Al20Cu25Zr55,0.1
Al20Cu30Ti50,0.1
Al20Cu32Ti48,0.1
Al20Cu32Y48,0.1
Al20Cu35Ti45,0.1
Al20Cu40La40,0.1
Al20Cu50La30,0.1
Al20Cu50Ti30,0.1
Al20Cu60Ti20,0.1
Al20La30Ni50,0.1
Al20La35Ni45,0.1
Al20La40Ni40,0.1
Al20La45Ni35,0.1
Al20La50Ni30,0.1
Al20La55Ni25,0.1
Al20La60Ni20,0.1
Al20La65Ni15,0.1
Al20La70Ni10,0.1
Al20La75Ni5,0.1
Al20Ni10Zr70,0.1
Al20Ni15Zr65,0.1
Al20Ni20Ti60,0.1
Al20Ni20Zr60,0.1
Al20Ni25Zr55,0.1
Al20Ni28.8Zr51.2,0.1
Al20Ni2Zr78,0.1
Al20Ni30Ti50,0.1
Al20Ni30Zr50,0.1
Al20Ni32Ti48,0.1
Al20Ni35Zr45,0.1
Al20Ni40Ti40,0.1
Al20Ni40Zr40,0.1
Al20Ni45Zr35,0.1
Al20Ni50Zr30,0.1
Al20Ni52Zr28,0.1
Al21La20Ni59,0.1
Al22.5B10Tb67.5,0.1
Al22.5Ca70Mg7.5,0.1
Al22.5Fe67.5Zr10,0.1
Al22Ni2Zr76,0.1
Al22Ni50Zr28,0.1
Al24B26Co50,0.1
Al24B26Ni50,0.1
Al24B34Co42,0.1
Al24B40Co36,0.1
Al24La18Ni58,0.1
Al24Ni2Zr74,0.1
Al24Ni48Zr28,0.1
Al25Au20La55,0.1
Al25Ce55Ni20,0.1
Al25Cr20La55,0.1
Al25Cu10La65,0.1
Al25Cu15La60,0.1
Al25Cu25La50,0.1
Al25Cu35La40,0.1
Al25Cu35Ti40,0.1
Al25Cu50Ti25,0.1
Al25Cu55Ti20,0.1
Al25Fe20La55,0.1
Al25La20Ni55,0.1
Al25La30Ni45,0.1
Al25La40Ni35,0.1
Al25La45Ni30,0.1
Al25La50Ni25,0.1
Al25La55Mn20,0.1
Al25La55Pt20,0.1
Al25La55Zn20,0.1
Al25La60Ni15,0.1
Al25La65Ni10,0.1
Al25La70Ni5,0.1
Al25Nd55Ni20,0.1
Al25Ni10Zr65,0.1
Al25Ni15Zr60,0.1
Al25Ni20Sm55,0.1
Al25Ni20Y55,0.1
Al25Ni20Zr55,0.1
Al25Ni25Ti50,0.1
Al25Ni25Zr50,0.1
Al25Ni27Zr48,0.1
Al25Ni30Zr45,0.1
Al25Ni35Ti40,0.1
Al25Ni35Zr40,0.1
Al25Ni40Zr35,0.1
Al25Ni45Zr30,0.1
Al25Ni5Zr70,0.1
Al26La18Ni56,0.1
Al26Ni46Zr28,0.1
Al26Ni4Zr70,0.1
Al26Ni8Zr66,0.1
Al27Ni10Zr63,0.1
Al27Ni6Zr67,0.1
Al28La18Ni54,0.1
Al28Ni12Zr60,0.1
Al28Ni44Zr28,0.1
Al2Co88Zr10,0.1
Al2La39Ni59,0.1
Al2La40Ni58,0.1
Al2La42Ni56,0.1
Al2La44Ni54,0.1
Al2La82Ni16,0.1
Al2Ni14Zr84,0.1
Al2Ni66Zr32,0.1
Al2Ni88Zr10,0.1
Al30Ca60Ga10,0.1
Al30Cu10La60,0.1
Al30Cu15La55,0.1
Al30Cu20La50,0.1
Al30Cu28Y42,0.1
Al30Cu35La35,0.1
Al30Cu40La30,0.1
Al30Cu50Ti20,0.1
Al30La18Ni52,0.1
Al30La20Ni50,0.1
Al30La25Ni45,0.1
Al30La30Ni40,0.1
Al30La35Ni35,0.1
Al30La40Ni30,0.1
Al30La45Ni25,0.1
Al30La50Ni20,0.1
Al30La55Ni15,0.1
Al30La60Ni10,0.1
Al30La65Ni5,0.1
Al30Ni14Zr56,0.1
Al30Ni15Zr55,0.1
Al30Ni20Zr50,0.1
Al30Ni25Zr45,0.1
Al30Ni28Ti42,0.1
Al30Ni30Zr40,0.1
Al30Ni35Zr35,0.1
Al30Ni40Zr30,0.1
Al30Ni42Zr28,0.1
Al32La18Ni50,0.1
Al32Ni16Zr52,0.1
Al32Ni20Zr48,0.1
Al32Ni40Zr28,0.1
Al33.4Fe33.3Gd33.3,0.1
Al33Ni22Zr45,0.1
Al33Ni38Zr29,0.1
Al34La18Ni48,0.1
Al34Ni20Zr46,0.1
Al34Ni24Zr42,0.1
Al34Ni34Zr32,0.1
Al34Ni36Zr30,0.1
Al35Cu10La55,0.1
Al35Cu15La50,0.1
Al35Cu50Ti15,0.1
Al35La30Ni35,0.1
Al35La40Ni25,0.1
Al35La50Ni15,0.1
Al35La60Ni5,0.1
Al35Ni26Zr39,0.1
Al35Ni35Zr30,0.1
Al36La18Ni46,0.1
Al36Ni30Zr34,0.1
Al38Cr10Ge52,0.1
Al38La18Ni44,0.1
Al3Fe80P17,0.1
Al3La83Ni14,0.1
Al40Cu50Ti10,0.1
Al40La18Ni42,0.1
Al40La20Ni40,0.1
Al40La25Ni35,0.1
Al40La30Ni30,0.1
Al40La35Ni25,0.1
Al40La40Ni20,0.1
Al40La45Ni15,0.1
Al40La50Ni10,0.1
Al40La55Ni5,0.1
Al42Co10Ge48,0.1
Al42Fe10Ge48,0.1
Al42Ge48Mn10,0.1
Al42La18Ni40,0.1
Al44La18Ni38,0.1
Al45La40Ni15,0.1
Al45Mn20Si35,0.1
Al48La18Ni34,0.1
Al4B14Fe82,0.1
Al4B18Co78,0.1
Al4B18Fe78,0.1
Al4B18Ni78,0.1
Al4B22Co74,0.1
Al4B22Fe74,0.1
Al4B22Ni74,0.1
Al4B26Co70,0.1
Al4B26Ni70,0.1
Al4B30Co66,0.1
Al4B30Ni66,0.1
Al4B34Co62,0.1
Al4B34Ni62,0.1
Al4B38Ni58,0.1
Al4B42Ni54,0.1
Al4La36Ni60,0.1
Al4Ni12Zr84,0.1
Al50Cr15Si35,0.1
Al50Cu40Ti10,0.1
Al50Cu45Ti5,0.1
Al50Ge40Mn10,0.1
Al50La18Ni32,0.1
Al50La20Ni30,0.1
Al50La25Ni25,0.1
Al50La35Ni15,0.1
Al50La45Ni5,0.1
Al50Mn20Si30,0.1
Al50Ni30Y20,0.1
Al52Cr10Si38,0.1
Al52Fe23Ge25,0.1
Al52Fe23Si25,0.1
Al52Ge38V10,0.1
Al52Ni23Si25,0.1
Al53La30Ni17,0.1
Al53La32Ni15,0.1
Al53La34Ni13,0.1
Al53La36Ni11,0.1
Al53La37Ni10,0.1
Al53Mg21Pd26,0.1
Al53Mn20Si27,0.1
Al54La16Ni30,0.1
Al55Cr10Si35,0.1
Al55Cr15Si30,0.1
Al55Cu35V10,0.1
Al55Cu40Ti5,0.1
Al55Ge30V15,0.1
Al55Ge35V10,0.1
Al55La20Ni25,0.1
Al55La28Ni17,0.1
Al55La37Ni8,0.1
Al55La40Ni5,0.1
Al55Mn10Si35,0.1
Al55Mn15Si30,0.1
Al55Mn20Si25,0.1
Al55Ni25Y20,0.1
Al56La16Ni28,0.1
Al56La40Ni4,0.1
Al56La42Ni2,0.1
Al57Co18Ge25,0.1
Al57Ge25Mn18,0.1
Al57Ge25V18,0.1
Al57La26Ni17,0.1
Al57La37Ni6,0.1
Al57Ni26Zr17,0.1
Al57Ni28Zr15,0.1
Al57Ni30Zr13,0.1
Al57Ni32Zr11,0.1
Al58Cr17Si25,0.1
Al58La14Ni28,0.1
Al58Ni32Zr10,0.1
Al59Ge31Ni10,0.1
Al59La24Ni17,0.1
Al59Ni24Zr17,0.1
Al59Ni32Zr9,0.1
Al5Co85Zr10,0.1
Al5Cu30Zr65,0.1
Al5Cu38Ti57,0.1
Al5Cu38Y57,0.1
Al5Cu50Ti45,0.1
Al5Cu55Ti40,0.1
Al5Cu60Ti35,0.1
Al5Fe85Si10,0.1
Al5La40Ni55,0.1
Al5La65Ni30,0.1
Al5La83Ni12,0.1
Al5Mg50Zn45,0.1
Al5Mg65Zn30,0.1
Al5Mg70Zn25,0.1
Al5Mg75Zn20,0.1
Al5Ni10Zr85,0.1
Al5Ni15Zr80,0.1
Al5Ni20Zr75,0.1
Al5Ni25Zr70,0.1
Al5Ni30Zr65,0.1
Al5Ni34.2Zr60.8,0.1
Al5Ni35Zr60,0.1
Al5Ni40Zr55,0.1
Al5Ni45Zr50,0.1
Al5Ni50Zr45,0.1
Al5Ni55Zr40,0.1
Al5Ni60Zr35,0.1
Al5Ni65Zr30,0.1
Al5Ni85Zr10,0.1
Al60Ce10Ni30,0.1
Al60Cr10Ge30,0.1
Al60Cr10Si30,0.1
Al60Cr15Si25,0.1
Al60Cu30V10,0.1
Al60Ge25V15,0.1
Al60Ge30Mn10,0.1
Al60Ge30Ni10,0.1
Al60Ge30V10,0.1
Al60La20Ni20,0.1
Al60Mn15Si25,0.1
Al60Ni20Zr20,0.1
Al60Ni25Y15,0.1
Al60Ni30Zr10,0.1
Al61Ce10Ni29,0.1
Al62Ge25Ni13,0.1
Al62La10Ni28,0.1
Al62Ni20Zr18,0.1
Al62Ni30Zr8,0.1
Al63Fe12Si25,0.1
Al63La20Ni17,0.1
Al64Ge26Ni10,0.1
Al64La8Ni28,0.1
Al64Ni28Zr8,0.1
Al65Ce15Ni20,0.1
Al65Ce5Ni30,0.1
Al65Cr10Si25,0.1
Al65Cu20Gd15,0.1
Al65Cu25V10,0.1
Al65Cu30V5,0.1
Al65Gd15Ni20,0.1
Al65Ge25V10,0.1
Al65La15Ni20,0.1
Al65La18Ni17,0.1
Al65Mn10Si25,0.1
Al65Mn15Si20,0.1
Al65Mo5Ni30,0.1
Al65Nd15Ni20,0.1
Al65Ni15Si20,0.1
Al65Ni15Sm20,0.1
Al65Ni16Si19,0.1
Al65Ni17.5Si17.5,0.1
Al65Ni18Zr17,0.1
Al65Ni20Zr15,0.1
Al66La6Ni28,0.1
Al66Mn14Si20,0.1
Al66Ni10Si24,0.1
Al66Ni26Zr8,0.1
Al67.5Ni15Si17.5,0.1
Al67Cu20V13,0.1
Al67La16Ni17,0.1
Al68Cr10Si22,0.1
Al68Ge22V10,0.1
Al68La4Ni28,0.1
Al68Ni24Zr8,0.1
Al69Co6Ge25,0.1
Al69Fe6Ge25,0.1
Al69Ge25Mn6,0.1
Al69Ge25Ni6,0.1
Al69Ge25V6,0.1
Al69La14Ni17,0.1
Al6Ce10Cu84,0.1
Al6Cu84Nd10,0.1
Al6Cu86Nd8,0.1
Al6La30Ni64,0.1
Al6La32Ni62,0.1
Al6La86Ni8,0.1
Al6Ni64Zr30,0.1
Al7.5Cu27.5Zr65,0.1
Al7.5Fe61.7Tb30.8,0.1
Al70Ce10Ni20,0.1
Al70Ce15Ni15,0.1
Al70Cu20V10,0.1
Al70Gd10Ni20,0.1
Al70Gd15Ni15,0.1
Al70La5Ni25,0.1
Al70Mo10Ni20,0.1
Al70Mo5Ni25,0.1
Al70Nd10Ni20,0.1
Al70Nd15Ni15,0.1
Al70Ni10Sm20,0.1
Al70Ni13Si17,0.1
Al70Ni15Si15,0.1
Al70Ni15Sm15,0.1
Al70Ni15Y15,0.1
Al70Ni16Zr14,0.1
Al70Ni20Sm10,0.1
Al70Ni20Zr10,0.1
Al70Ni22Zr8,0.1
Al71Co4Si25,0.1
Al71Cr4Si25,0.1
Al71La13Ni16,0.1
Al71Mg17Pd12,0.1
Al71Ni4Si25,0.1
Al72La2Ni26,0.1
Al73Ge17Mn10,0.1
Al73La13Ni14,0.1
Al73Ni20Zr7,0.1
Al74Gd10Ni16,0.1
Al74La2Ni24,0.1
Al74Nd10Ni16,0.1
Al74Ni14Zr12,0.1
Al75Ce10Cu15,0.1
Al75Ce10Ni15,0.1
Al75Ce5Ni20,0.1
Al75Co10Si15,0.1
Al75Cu15V10,0.1
Al75Cu20V5,0.1
Al75Fe14Ni11,0.1
Al75Gd10Ni15,0.1
Al75La10Ni15,0.1
Al75La13Ni12,0.1
Al75La5Ni20,0.1
Al75Mo10Ni15,0.1
Al75Mo5Ni20,0.1
Al75Nd10Ni15,0.1
Al75Nd15Ni10,0.1
Al75Ni10Sm15,0.1
Al75Ni10Y15,0.1
Al75Ni15Sm10,0.1
Al75Ni15Y10,0.1
Al76La2Ni22,0.1
Al76Ni18Zr6,0.1
Al77La13Ni10,0.1
Al78Co10Ge12,0.1
Al78Fe10Ge12,0.1
Al78Gd12Ni10,0.1
Al78La2Ni20,0.1
Al78Ni10Sm12,0.1
Al78Ni12Zr10,0.1
Al78Ni15Y7,0.1
Al79La13Ni8,0.1
Al79Nd10Ni11,0.1
Al79Ni10Si11,0.1
Al79Ni16Zr5,0.1
Al80Ce10Co10,0.1
Al80Ce10Cu10,0.1
Al80Ce10Fe10,0.1
Al80Ce10Nb10,0.1
Al80Ce10Ni10,0.1
Al80Ce5Co15,0.1
Al80Ce5Cu15,0.1
Al80Ce5Ni15,0.1
Al80Cu10V10,0.1
Al80Cu15V5,0.1
Al80Cu8Y12,0.1
Al80Gd10Ni10,0.1
Al80Gd5Ni15,0.1
Al80La10Ni10,0.1
Al80La2Ni18,0.1
Al80Mo5Ni15,0.1
Al80Nd10Ni10,0.1
Al80Nd12Ni8,0.1
Al80Nd2Ni18,0.1
Al80Nd4Ni16,0.1
Al80Nd5Ni15,0.1
Al80Nd8Ni12,0.1
Al80Ni10Sm10,0.1
Al80Ni10Y10,0.1
Al80Ni15Sm5,0.1
Al80Ni15Y5,0.1
Al80Ni15Zr5,0.1
Al80Ni5Sm15,0.1
Al81Gd9Ni10,0.1
Al81La13Ni6,0.1
Al81Nd9Ni10,0.1
Al81Ni10Sm9,0.1
Al81Ni10Zr9,0.1
Al82La2Ni16,0.1
Al82Nd10Ni8,0.1
Al82Nd2Ni16,0.1
Al82Nd4Ni14,0.1
Al82Nd6Ni12,0.1
Al82Nd8Ni10,0.1
Al82Ni13Zr5,0.1
Al82Ni14Zr4,0.1
Al82Ni5Y13,0.1
Al82Ni8Y10,0.1
Al83Ce5Co12,0.1
Al83Ce7Cu10,0.1
Al83Ce7Fe10,0.1
Al83Ce7Nb10,0.1
Al83Gd5Ni12,0.1
Al83Gd7Ni10,0.1
Al83Gd9Ni8,0.1
Al83La13Ni4,0.1
Al83Nd7Ni10,0.1
Al83Nd9Ni8,0.1
Al83Ni10Sm7,0.1
Al83Ni10Zr7,0.1
Al83Ni8Sm9,0.1
Al84Gd10Ni6,0.1
Al84La2Ni14,0.1
Al84Nd10Ni6,0.1
Al84Nd12Ni4,0.1
Al84Nd1Ni15,0.1
Al84Nd2Ni14,0.1
Al84Nd4Ni12,0.1
Al84Nd6Ni10,0.1
Al84Nd8Ni8,0.1
Al84Ni10Zr6,0.1
Al84Ni8Zr8,0.1
Al85Ca10Co5,0.1
Al85Ca10Cu5,0.1
Al85Ca10Fe5,0.1
Al85Ca10Mg5,0.1
Al85Ca10Ni5,0.1
Al85Ca10Zn5,0.1
Al85Ce10Co5,0.1
Al85Ce10Cr5,0.1
Al85Ce10Cu5,0.1
Al85Ce10Fe5,0.1
Al85Ce10Mn5,0.1
Al85Ce10Nb5,0.1
Al85Ce10Ni5,0.1
Al85Ce5Co10,0.1
Al85Ce5Cu10,0.1
Al85Ce5Fe10,0.1
Al85Cu5V10,0.1
Al85Cu6Y9,0.1
Al85Gd10Ni5,0.1
Al85Gd5Ni10,0.1
Al85Gd8Ni7,0.1
Al85Gd9Ni6,0.1
Al85La10Ni5,0.1
Al85La13Ni2,0.1
Al85La5Ni10,0.1
Al85La6Ni9,0.1
Al85La7.5Mo7.5,0.1
Al85La7.5Nb7.5,0.1
Al85La7.5Zr7.5,0.1
Al85Mo3Ni12,0.1
Al85Mo5Ni10,0.1
Al85Nd10Ni5,0.1
Al85Nd2Ni13,0.1
Al85Nd5Ni10,0.1
Al85Nd7Ni8,0.1
Al85Nd9Ni6,0.1
Al85Ni10Sm5,0.1
Al85Ni10Y5,0.1
Al85Ni10Zr5,0.1
Al85Ni5Sm10,0.1
Al85Ni5Y10,0.1
Al85Ni6Sm9,0.1
Al85Ni8Sm7,0.1
Al86.5Mn1Ni12.5,0.1
Al86.5Mn2Ni11.5,0.1
Al86.7Fe1Ni12.3,0.1
Al86Ce10Mn4,0.1
Al86Ce4Ni10,0.1
Al86Ce6Ni8,0.1
Al86Co12Fe2,0.1
Al86Fe2Ni12,0.1
Al86Fe3Ni11,0.1
Al86La2Ni12,0.1
Al86Nd10Ni4,0.1
Al86Nd1Ni13,0.1
Al86Nd2Ni12,0.1
Al86Nd4Ni10,0.1
Al86Nd6Ni8,0.1
Al86Nd8Ni6,0.1
Al86Ni10Zr4,0.1
Al86Ni12Zr2,0.1
Al86Ni9Zr5,0.1
Al87.5Ca7.5Fe5,0.1
Al87.5Ca7.5Ni5,0.1
Al87.5Fe0.5Ni12,0.1
Al87.5Fe2Ni10.5,0.1
Al87.5Fe3.5Ni9,0.1
Al87.5Mn0.5Ni12,0.1
Al87Ce10Cr3,0.1
Al87Ce5Ni8,0.1
Al87Ce6Ni7,0.1
Al87Ce8Co5,0.1
Al87Ce8Cu5,0.1
Al87Ce8Fe5,0.1
Al87Ce8Nb5,0.1
Al87Co11Fe2,0.1
Al87Co1Ni12,0.1
Al87Co2Ni11,0.1
Al87Fe1Ni12,0.1
Al87Fe3Ni10,0.1
Al87La5Ni8,0.1
Al87Mn1Ni12,0.1
Al87Mn2.5Ni10.5,0.1
Al87Nd5Ni8,0.1
Al87Nd7Ni6,0.1
Al87Ni10Y3,0.1
Al87Ni10Zr3,0.1
Al87Ni3Y10,0.1
Al87Ni5Y8,0.1
Al87Ni6Sm7,0.1
Al87Ni8Sm5,0.1
Al88.5Fe3Ni8.5,0.1
Al88Ce10Co2,0.1
Al88Ce10Cu2,0.1
Al88Ce10Fe2,0.1
Al88Ce10Mn2,0.1
Al88Ce10Nb2,0.1
Al88Ce10V2,0.1
Al88Ce2Co10,0.1
Al88Ce2Fe10,0.1
Al88Ce2Ni10,0.1
Al88Co4Ni8,0.1
Al88Co5Ni7,0.1
Al88Fe1Ni11,0.1
Al88Fe3Ni9,0.1
Al88La10Ni2,0.1
Al88La2Ni10,0.1
Al88La6Ni6,0.1
Al88La7Ni5,0.1
Al88Mn1Ni11,0.1
Al88Mn2Ni10,0.1
Al88Nd10Ni2,0.1
Al88Nd1Ni11,0.1
Al88Nd2Ni10,0.1
Al88Nd4Ni8,0.1
Al88Nd6Ni6,0.1
Al88Nd8Ni4,0.1
Al88Ni10Y2,0.1
Al88Ni10Zr2,0.1
Al88Ni7Zr5,0.1
Al88Ni9Y3,0.1
Al89Ce10Ni1,0.1
Al89La7Ni4,0.1
Al89Ni1Sm10,0.1
Al89Ni9Zr2,0.1
Al8B14Fe78,0.1
Al8B18Co74,0.1
Al8B18Fe74,0.1
Al8B18Ni74,0.1
Al8B22Co70,0.1
Al8B22Fe70,0.1
Al8B22Ni70,0.1
Al8B26Co66,0.1
Al8B26Ni66,0.1
Al8B30Co62,0.1
Al8B30Ni62,0.1
Al8B34Co58,0.1
Al8B34Ni58,0.1
Al8B38Ni54,0.1
Al8B42Ni50,0.1
Al8Ce10Cu82,0.1
Al8Ce8Cu84,0.1
Al8Cu84Nd8,0.1
Al8Ga16Mg76,0.1
Al8La86Ni6,0.1
Al8Ni8Zr84,0.1
Al8Si7Zr85,0.1
Al90Ca7.5Fe2.5,0.1
Al90Ca7.5Ni2.5,0.1
Al90Ce3Co7,0.1
Al90Ce3Fe7,0.1
Al90Ce5Co5,0.1
Al90Ce5Fe5,0.1
Al90Ce8Nb2,0.1
Al90Cu5La5,0.1
Al90Gd5Ni5,0.1
Al90La8Ni2,0.1
Al90Nd2Ni8,0.1
Al90Nd3Ni7,0.1
Al90Nd4Ni6,0.1
Al90Nd5Ni5,0.1
Al90Nd6Ni4,0.1
Al90Nd8Ni2,0.1
Al90Ni5Sm5,0.1
Al90Ni5Y5,0.1
Al91Ce5Ni4,0.1
Al91La5Ni4,0.1
Al91La7Ni2,0.1
Al92Ce6Nb2,0.1
Al9La27Ni64,0.1
Al9Ni62Zr29,0.1
Au1.7Pd81.8Si16.5,0.1
Au10Pd72Si18,0.1
Au10Pd73.5Si16.5,0.1
Au12.5Pd71Si16.5,0.1
Au12Pd68Si20,0.1
Au12Pd71Si17,0.1
Au15Pd68.5Si16.5,0.1
Au18B10Pr72,0.1
Au1Cu29Mg70,0.1
Au1Pd81Si18,0.1
Au22.5B10Er67.5,0.1
Au22.5B10Gd67.5,0.1
Au22.5B10Pr67.5,0.1
Au22.75Cu68.25La9,0.1
Au2Pd80Si18,0.1
Au2Pd81.5Si16.5,0.1
Au3.5Pd80.5Si16,0.1
Au3.5Pd80Si16.5,0.1
Au3Cu27Mg70,0.1
Au3Pd79Si18,0.1
Au3Pd80.5Si16.5,0.1
Au4.2Pd79.3Si16.5,0.1
Au44.5Cu44.5La11,0.1
Au45.5Cu45.5La9,0.1
Au45Cu45La10,0.1
Au4Pd75Si21,0.1
Au4Pd76Si20,0.1
Au4Pd78Si18,0.1
Au4Pd79.5Si16.5,0.1
Au4Pd79Si17,0.1
Au4Pd81Si15,0.1
Au53.2Pb27.5Sb19.3,0.1
Au54.6Cu36.4La9,0.1
Au55Pb22.5Sb22.5,0.1
Au5Pd77Si18,0.1
Au5Pd78.5Si16.5,0.1
Au6.7Pd76.8Si16.5,0.1
Au66Pd16Si18,0.1
Au6Pd77.5Si16.5,0.1
Au6Pd78Si16,0.1
Au7.5Pd76Si16.5,0.1
Au76.89Ge13.66Si9.45,0.1
Au77Ge14Si9,0.1
Au7Pd73Si20,0.1
Au7Pd75Si18,0.1
Au7Pd76.5Si16.5,0.1
Au8Pd74Si18,0.1
Au9Cu21Mg70,0.1
Au9Pd75Si16,0.1
B1.5Fe92Zr6.5,0.1
B1.8Ni81.5P16.7,0.1
B10Be20Fe70,0.1
B10C10Fe80,0.1
B10C5Fe85,0.1
B10C7Fe83,0.1
B10C9Fe81,0.1
B10Co20Ti70,0.1
B10Co74Zr16,0.1
B10Co77.5Si12.5,0.1
B10Co77Nb13,0.1
B10Co80Zr10,0.1
B10Cr24Fe66,0.1
B10Cr26Fe64,0.1
B10Cu25Zr65,0.1
B10Cu30Zr60,0.1
B10Cu35Zr55,0.1
B10Fe20Ti70,0.1
B10Fe70Mo20,0.1
B10Fe70Si20,0.1
B10Fe72.5Si17.5,0.1
B10Fe72Mo18,0.1
B10Fe75Mo15,0.1
B10Fe75Nb15,0.1
B10Fe75Si15,0.1
B10Fe75Zr15,0.1
B10Fe77.5Si12.5,0.1
B10Fe78Mo12,0.1
B10Fe78Nb12,0.1
B10Fe78Zr12,0.1
B10Fe79P11,0.1
B10Fe80Ge10,0.1
B10Fe80Mo10,0.1
B10Fe80Ni10,0.1
B10Fe80P10,0.1
B10Fe80Si10,0.1
B10Fe80Zr10,0.1
B10Fe81P9,0.1
B10Fe82Mo8,0.1
B10Fe82Zr8,0.1
B10Fe83Nb7,0.1
B10Fe83P7,0.1
B10Fe83Ta7,0.1
B10Fe83Ti7,0.1
B10Fe85Nb5,0.1
B10Fe85Ni5,0.1
B10Fe85Zr5,0.1
B10Fe87Zr3,0.1
B10Mo70Si20,0.1
B10Mo75Si15,0.1
B10Mo80P10,0.1
B10Ni20Ti70,0.1
B10Ni30Zr60,0.1
B10Ni75Si15,0.1
B10Ni76P14,0.1
B10Ni76Si14,0.1
B10Ni80P10,0.1
B10Ni80Si10,0.1
B10Si20W70,0.1
B11.1Ni81.5P7.4,0.1
B11.25Co63.75V25,0.1
B11C5Fe84,0.1
B11C7Fe82,0.1
B11C9Fe80,0.1
B11Co53.4Mn35.6,0.1
B11Co71.2Mn17.8,0.1
B11Co78Si11,0.1
B11Cr27Fe62,0.1
B11Fe79P10,0.1
B11Fe80P9,0.1
B11Fe82Ti7,0.1
B11Fe84Zr5,0.1
B11Ni78Si11,0.1
B12.2Fe74.8Si13,0.1
B12.5Co75Si12.5,0.1
B12.5Co77.5Si10,0.1
B12.5Co80Si7.5,0.1
B12.5Fe70Si17.5,0.1
B12.5Fe72.5Si15,0.1
B12.5Fe75Si12.5,0.1
B12.5Fe77.5Si10,0.1
B12.5Fe78.5Si9,0.1
B12.5Fe80Si7.5,0.1
B12.5Fe82.5Si5,0.1
B12.5Ni75Si12.5,0.1
B12.75Co72.25Ti15,0.1
B12.75Co72.25V15,0.1
B12C12Co76,0.1
B12C3Fe85,0.1
B12C5Fe83,0.1
B12C7Fe81,0.1
B12C9Fe79,0.1
B12Co18Mn70,0.1
B12Co24Mn64,0.1
B12Co34Mn54,0.1
B12Co39Mn49,0.1
B12Co44Mn44,0.1
B12Co45Mn43,0.1
B12Co48Mn40,0.1
B12Co49Mn39,0.1
B12Co52.8Mn35.2,0.1
B12Co53Mn35,0.1
B12Co57Mn31,0.1
B12Co61.6Mn26.4,0.1
B12Co61Mn27,0.1
B12Co62Mn26,0.1
B12Co68Mn20,0.1
B12Co68Ti20,0.1
B12Co68V20,0.1
B12Co70.4Mn17.6,0.1
B12Co70.5Mn17.5,0.1
B12Co70Mn18,0.1
B12Co78Si10,0.1
B12Co79Mn9,0.1
B12Co80Nb8,0.1
B12Cr10Fe78,0.1
B12Cr14Fe74,0.1
B12Cr15Fe73,0.1
B12Cr18Fe70,0.1
B12Cr20Fe68,0.1
B12Cr22Fe66,0.1
B12Cr24Fe64,0.1
B12Cr26Fe62,0.1
B12Cr5Fe83,0.1
B12Fe21Zr67,0.1
B12Fe68Mo20,0.1
B12Fe68Ni20,0.1
B12Fe70Mo18,0.1
B12Fe70Si18,0.1
B12Fe72Si16,0.1
B12Fe73Mo15,0.1
B12Fe73Ni15,0.1
B12Fe75Si13,0.1
B12Fe76Mo12,0.1
B12Fe77Si11,0.1
B12Fe78Mo10,0.1
B12Fe78Ni10,0.1
B12Fe78Si10,0.1
B12Fe78V10,0.1
B12Fe78Zr10,0.1
B12Fe79P9,0.1
B12Fe80Ge8,0.1
B12Fe80Mo8,0.1
B12Fe80P8,0.1
B12Fe80Si8,0.1
B12Fe80Zr8,0.1
B12Fe81Hf7,0.1
B12Fe81Mo7,0.1
B12Fe81Nb7,0.1
B12Fe81P7,0.1
B12Fe81W7,0.1
B12Fe81Zr7,0.1
B12Fe82Nd6,0.1
B12Fe82P6,0.1
B12Fe82Si6,0.1
B12Fe83Mo5,0.1
B12Fe83Nb5,0.1
B12Fe83P5,0.1
B12Fe83Si5,0.1
B12Fe83V5,0.1
B12Fe84Si4,0.1
B12Mo71Si17,0.1
B12Mo78Si10,0.1
B12Ni72Si16,0.1
B12Ni74P14,0.1
B12Ni76Si12,0.1
B12Ni78Si10,0.1
B12Ni81.5P6.5,0.1
B13.5Co73Si13.5,0.1
B13.5Co76.5Ti10,0.1
B13.5Co76.5V10,0.1
B13C7Fe80,0.1
B13Co71Zr16,0.1
B13Cu0.5Fe86.5,0.1
B13Fe72Zr15,0.1
B13Fe75Si12,0.1
B13Fe75Zr12,0.1
B13Fe77P10,0.1
B13Fe79P8,0.1
B13Fe80P7,0.1
B13Fe82Si5,0.1
B13Fe82Zr5,0.1
B13Fe83Si4,0.1
B13Fe84Si3,0.1
B13Ni72Si15,0.1
B14.25Co80.75V5,0.1
B14.4Cr6.6Fe79,0.1
B14.5Fe78Si7.5,0.1
B14.5Fe81.5Si4,0.1
B14.75Co70.5Si14.75,0.1
B14.8Ni81.5P3.7,0.1
B14C3Fe83,0.1
B14C5Fe81,0.1
B14C5Ni81,0.1
B14C7Fe79,0.1
B14Co80Si6,0.1
B14Cr10Fe76,0.1
B14Cr14Fe72,0.1
B14Cr15Fe71,0.1
B14Cr20Fe66,0.1
B14Cr24Fe62,0.1
B14Cr26Fe60,0.1
B14Cr5Fe81,0.1
B14Cr7Fe79,0.1
B14Cu0.5Fe85.5,0.1
B14Fe20Mn66,0.1
B14Fe43Ni43,0.1
B14Fe61Ni25,0.1
B14Fe66Mo20,0.1
B14Fe66Ni20,0.1
B14Fe71Mn15,0.1
B14Fe71Mo15,0.1
B14Fe71Ni15,0.1
B14Fe71V15,0.1
B14Fe74Mo12,0.1
B14Fe76Mn10,0.1
B14Fe76Mo10,0.1
B14Fe76Ni10,0.1
B14Fe76V10,0.1
B14Fe78Mo8,0.1
B14Fe78Si8,0.1
B14Fe78Zr8,0.1
B14Fe79P7,0.1
B14Fe79Si7,0.1
B14Fe79V7,0.1
B14Fe79W7,0.1
B14Fe80P6,0.1
B14Fe80Zr6,0.1
B14Fe81Mn5,0.1
B14Fe81Mo5,0.1
B14Fe81Ni5,0.1
B14Fe81P5,0.1
B14Fe81V5,0.1
B14Fe82Si4,0.1
B14Fe83Mn3,0.1
B14Fe83Ni3,0.1
B14Fe83P3,0.1
B14Fe83Si3,0.1
B14Fe84Si2,0.1
B14Fe85Mn1,0.1
B14Fe85Ni1,0.1
B14Ni70Si16,0.1
B14Ni72Si14,0.1
B14Ni76Si10,0.1
B14Ni78Si8,0.1
B15C5Fe80,0.1
B15Co70Si15,0.1
B15Co72.5Si12.5,0.1
B15Co75Si10,0.1
B15Co77.5Si7.5,0.1
B15Co80Si5,0.1
B15Cr10Fe75,0.1
B15Cr11Fe74,0.1
B15Cr12Fe73,0.1
B15Cr15Fe70,0.1
B15Cr2.5Fe82.5,0.1
B15Cr20Fe65,0.1
B15Cr25Fe60,0.1
B15Cr30Fe55,0.1
B15Cr4Fe81,0.1
B15Cr5Fe80,0.1
B15Cr7Fe78,0.1
B15Cr9Fe76,0.1
B15Fe67.5Si17.5,0.1
B15Fe70Si15,0.1
B15Fe72.5Si12.5,0.1
B15Fe72Si13,0.1
B15Fe74.5Si10.5,0.1
B15Fe75.3Si9.7,0.1
B15Fe75Si10,0.1
B15Fe75Zr10,0.1
B15Fe77.5Si7.5,0.1
B15Fe77P8,0.1
B15Fe78Si7,0.1
B15Fe78Zr7,0.1
B15Fe79P6,0.1
B15Fe79Zr6,0.1
B15Fe80Ge5,0.1
B15Fe80P5,0.1
B15Fe80Si5,0.1
B15Fe80Zr5,0.1
B15Fe81Si4,0.1
B15Fe82Nd3,0.1
B15Fe82Si3,0.1
B15Fe82Zr3,0.1
B15Fe83Si2,0.1
B15Fe83Zr2,0.1
B15Fe84Si1,0.1
B15Mo70Si15,0.1
B15Mo75Si10,0.1
B15Ni75Si10,0.1
B16.5Fe61.5Ni22,0.1
B16.5Fe82Sn1.5,0.1
B16.7Ni81.5P1.8,0.1
B16C10Ni74,0.1
B16C12Co72,0.1
B16C2Ni82,0.1
B16C3Fe81,0.1
B16C4Co80,0.1
B16C4Fe80,0.1
B16C4Ni80,0.1
B16C6Ni78,0.1
B16C8Co76,0.1
B16C8Ni76,0.1
B16Co17Mn67,0.1
B16Co20Mn64,0.1
B16Co21Mn63,0.1
B16Co24.5Mn59.5,0.1
B16Co25Mn59,0.1
B16Co27Mn57,0.1
B16Co33Mn51,0.1
B16Co35Mn49,0.1
B16Co42Mn42,0.1
B16Co43.5Mn40.5,0.1
B16Co49Mn35,0.1
B16Co50.4Mn33.6,0.1
B16Co50.5Mn33.5,0.1
B16Co50Mn34,0.1
B16Co54.5Mn29.5,0.1
B16Co58.8Mn25.2,0.1
B16Co59Mn25,0.1
B16Co65.5Mn18.5,0.1
B16Co65Mn19,0.1
B16Co67.2Mn16.8,0.1
B16Co67Mn17,0.1
B16Co68Si16,0.1
B16Co68Zr16,0.1
B16Co74Zr10,0.1
B16Co75.6Mn8.4,0.1
B16Co75Mn9,0.1
B16Co76Mn8,0.1
B16Cr10Fe74,0.1
B16Cr14Fe70,0.1
B16Cr20Fe64,0.1
B16Cr5Fe79,0.1
B16Cr7Fe77,0.1
B16Cu0.5Fe83.5,0.1
B16Fe25Ni59,0.1
B16Fe33.5Ni50.5,0.1
B16Fe33.6Nd50.4,0.1
B16Fe42Nd42,0.1
B16Fe42Ni42,0.1
B16Fe50.4Nd33.6,0.1
B16Fe56.3Nd27.7,0.1
B16Fe59Ni25,0.1
B16Fe64Mo20,0.1
B16Fe64Ni20,0.1
B16Fe67.2Nd16.8,0.1
B16Fe69Mo15,0.1
B16Fe69Ni15,0.1
B16Fe69V15,0.1
B16Fe74.8Nd9.2,0.1
B16Fe74Mn10,0.1
B16Fe74Ni10,0.1
B16Fe74Si10,0.1
B16Fe74V10,0.1
B16Fe76Ho8,0.1
B16Fe76Mo8,0.1
B16Fe77Hf7,0.1
B16Fe77Nb7,0.1
B16Fe77Zr7,0.1
B16Fe78Zr6,0.1
B16Fe79Mo5,0.1
B16Fe79Ni5,0.1
B16Fe79P5,0.1
B16Fe79V5,0.1
B16Fe80.64Ti3.36,0.1
B16Fe80Ho4,0.1
B16Fe80P4,0.1
B16Fe80Zr4,0.1
B16Fe81La3,0.1
B16Fe81Mn3,0.1
B16Fe81Ni3,0.1
B16Fe81P3,0.1
B16Fe82Ho2,0.1
B16Fe82Si2,0.1
B16Fe83.2Ti0.8,0.1
B16Fe83Mn1,0.1
B16Fe83Ni1,0.1
B16Fe83Si1,0.1
B16Ni24Zr60,0.1
B16Ni28Zr56,0.1
B16Ni72Si12,0.1
B17.5Co75Si7.5,0.1
B17.5Cr25Fe57.5,0.1
B17.5Fe21Ni61.5,0.1
B17.5Fe41.5Ni41,0.1
B17.5Fe61.875Nd20.625,0.1
B17.5Fe66Nd16.5,0.1
B17.5Fe67.5Si15,0.1
B17.5Fe70.125Nd12.375,0.1
B17.5Fe70Si12.5,0.1
B17.5Fe72.5Si10,0.1
B17.5Fe73Si9.5,0.1
B17.5Fe74.25Nd8.25,0.1
B17.5Fe75Si7.5,0.1
B17.5Fe77.5Si5,0.1
B17.5Fe78.375Nd4.125,0.1
B17.5Fe80Si2.5,0.1
B17.5Mo70Si12.5,0.1
B17.5Ni75Si7.5,0.1
B17.8Fe74.9Si7.3,0.1
B17C3Fe80,0.1
B17C5Fe78,0.1
B17Co10Fe73,0.1
B17Co11.5Fe71.5,0.1
B17Co16.5Fe66.5,0.1
B17Co19Fe64,0.1
B17Co1Fe82,0.1
B17Co22Fe61,0.1
B17Co25Fe58,0.1
B17Co2Fe81,0.1
B17Co33Fe50,0.1
B17Co3Fe80,0.1
B17Co41.5Fe41.5,0.1
B17Co4Fe79,0.1
B17Co54Fe29,0.1
B17Co62Fe21,0.1
B17Co66.5Fe16.5,0.1
B17Co6Fe77,0.1
B17Co7.5Fe75.5,0.1
B17Co75Fe8,0.1
B17Co77Fe6,0.1
B17Cr2.5Fe80.5,0.1
B17Cu1.5Fe81.5,0.1
B17Cu3Ni80,0.1
B17Fe20Zr63,0.1
B17Fe21Ni62,0.1
B17Fe23Ni60,0.1
B17Fe24Ni59,0.1
B17Fe32.5Ni50.5,0.1
B17Fe33Ni50,0.1
B17Fe41Ni42,0.1
B17Fe43Ni40,0.1
B17Fe48Ni35,0.1
B17Fe50Ni33,0.1
B17Fe53Ni30,0.1
B17Fe54Ni29,0.1
B17Fe63Ni20,0.1
B17Fe66.4Ni16.6,0.1
B17Fe70Si13,0.1
B17Fe73Ga10,0.1
B17Fe73Ni10,0.1
B17Fe75Ga8,0.1
B17Fe75Zr8,0.1
B17Fe77Ga6,0.1
B17Fe77P6,0.1
B17Fe78Zr5,0.1
B17Fe79.5Si3.5,0.1
B17Fe79Ga4,0.1
B17Fe79P4,0.1
B17Fe7Ni76,0.1
B17Fe80.5Mn2.5,0.1
B17Fe80.5Mo2.5,0.1
B17Fe80.5Ni2.5,0.1
B17Fe80.5W2.5,0.1
B17Fe80Nb3,0.1
B17Fe80Ni3,0.1
B17Fe80Si3,0.1
B17Fe80Zr3,0.1
B17Fe81Ga2,0.1
B17Fe82Si1,0.1
B17Mo12.5Ni70.5,0.1
B17Mo14.5Ni68.5,0.1
B17Mo16.5Ni66.5,0.1
B17Mo73Si10,0.1
B17Mo75Si8,0.1
B17Nb10Ni73,0.1
B17Nb11.5Ni71.5,0.1
B17Nb16.5Ni66.5,0.1
B17Nb5Ni78,0.1
B17Nb8Ni75,0.1
B17Ni66.5W16.5,0.1
B17Ni68.5W14.5,0.1
B17Ni68Si15,0.1
B17Ni69Si14,0.1
B17Ni70.5W12.5,0.1
B17Ni70Ta13,0.1
B17Ni71Ta12,0.1
B17Ni73Si10,0.1
B17Ni73Ta10,0.1
B17Ni73Zr10,0.1
B17Ni75W8,0.1
B17Ni76Si7,0.1
B17Ni78Zr5,0.1
B17Ni80Si3,0.1
B17Ni81.5P1.5,0.1
B18.2Ni78Ti3.8,0.1
B18.5Fe31.5Nd50,0.1
B18.5Fe51.5Nd30,0.1
B18.5Fe61.5Nd20,0.1
B18.5Fe69.5Nd12,0.1
B18.5Fe75.5Nd6,0.1
B18.5Fe77Nd4.5,0.1
B18.5Fe78.5Nd3,0.1
B18C12Ni70,0.1
B18C16Ni66,0.1
B18C2Fe80,0.1
B18C3Fe79,0.1
B18Co66Ti16,0.1
B18Co70Ti12,0.1
B18Co74Ti8,0.1
B18Co78Ti4,0.1
B18Cr10Fe72,0.1
B18Cr14Fe68,0.1
B18Cr20Fe62,0.1
B18Cr5Fe77,0.1
B18Cu0.5Fe81.5,0.1
B18Fe23Ni59,0.1
B18Fe31.5Ni50.5,0.1
B18Fe40Ni42,0.1
B18Fe41Ni41,0.1
B18Fe57Ni25,0.1
B18Fe62Ni20,0.1
B18Fe67Ni15,0.1
B18Fe72Ni10,0.1
B18Fe72Si10,0.1
B18Fe77Ni5,0.1
B18Fe78Si4,0.1
B18Fe80Ge2,0.1
B18Fe80P2,0.1
B18Fe80Pd2,0.1
B18Fe80Si2,0.1
B18Fe80Zr2,0.1
B18Ni76Si6,0.1
B18Ni80P2,0.1
B19.1Ni78.8Ti2.1,0.1
B19.5Cr24.5Fe56,0.1
B19.5Fe40.5Ni40,0.1
B19Fe20.5Ni60.5,0.1
B19Fe22Ni59,0.1
B19Fe30.5Ni50.5,0.1
B19Fe39Ni42,0.1
B19Fe61Ni20,0.1
B19Fe76Ni5,0.1
B19Fe77Mn4,0.1
B19Fe77Nd4,0.1
B19Fe78Zr3,0.1
B1Cu30Zr69,0.1
B1Cu40Zr59,0.1
B1Cu50Zr49,0.1
B1Cu60Zr39,0.1
B1Cu70Zr29,0.1
B1Fe90Zr9,0.1
B1Fe92Zr7,0.1
B2.3Fe83P14.7,0.1
B2.5Cu20Zr77.5,0.1
B2.5Cu25Zr72.5,0.1
B2.5Cu30Zr67.5,0.1
B2.5Cu35Zr62.5,0.1
B2.5Cu40Zr57.5,0.1
B2.5Cu45Zr52.5,0.1
B2.5Cu50Zr47.5,0.1
B2.5Cu55Zr42.5,0.1
B2.5Cu60Zr37.5,0.1
B2.5Cu65Zr32.5,0.1
B2.5Cu70Zr27.5,0.1
B2.5Cu80Zr17.5,0.1
B2.5Fe92Zr5.5,0.1
B20.5Fe59.5Ni20,0.1
B20C12Co68,0.1
B20C12Ni68,0.1
B20C16Co64,0.1
B20C16Ni64,0.1
B20C20Co60,0.1
B20C2Ni78,0.1
B20C4Co76,0.1
B20C8Co72,0.1
B20Co10Fe70,0.1
B20Co20Fe60,0.1
B20Co20Mn60,0.1
B20Co28.5Mn51.5,0.1
B20Co30Cr50,0.1
B20Co30Fe50,0.1
B20Co32Mn48,0.1
B20Co35Cr45,0.1
B20Co36.5Mn43.5,0.1
B20Co37Mn43,0.1
B20Co40Cr40,0.1
B20Co40Fe40,0.1
B20Co40Mn40,0.1
B20Co41.5Mn38.5,0.1
B20Co44Mn36,0.1
B20Co47.5Mn32.5,0.1
B20Co48Mn32,0.1
B20Co4Fe76,0.1
B20Co50Cr30,0.1
B20Co50Fe30,0.1
B20Co52Mn28,0.1
B20Co55Cr25,0.1
B20Co56Mn24,0.1
B20Co57Mn23,0.1
B20Co5Fe75,0.1
B20Co60Cr20,0.1
B20Co60Fe20,0.1
B20Co60Mn20,0.1
B20Co64Mn16,0.1
B20Co64Ti16,0.1
B20Co65Cr15,0.1
B20Co65Si15,0.1
B20Co67.5Si12.5,0.1
B20Co68Ti12,0.1
B20Co70Cr10,0.1
B20Co70Fe10,0.1
B20Co70Si10,0.1
B20Co70Zr10,0.1
B20Co72.5Si7.5,0.1
B20Co72Cr8,0.1
B20Co72Mn8,0.1
B20Co72Ti8,0.1
B20Co74Fe6,0.1
B20Co75Fe5,0.1
B20Co75Si5,0.1
B20Co76Ti4,0.1
B20Cr10Fe70,0.1
B20Cr10Ni70,0.1
B20Cr15Fe65,0.1
B20Cr1Fe79,0.1
B20Cr2.5Fe77.5,0.1
B20Cr20Fe60,0.1
B20Cr20Ni60,0.1
B20Cr25Fe55,0.1
B20Cr25Ni55,0.1
B20Cr30Fe50,0.1
B20Cr30Ni50,0.1
B20Cr35Fe45,0.1
B20Cr40Fe40,0.1
B20Cr4Fe76,0.1
B20Cr5Fe75,0.1
B20Cr6Fe74,0.1
B20Cr8Fe72,0.1
B20Cu0.5Fe79.5,0.1
B20Fe15Ni65,0.1
B20Fe19Zr61,0.1
B20Fe20Ni60,0.1
B20Fe21Ni59,0.1
B20Fe29.5Ni50.5,0.1
B20Fe30Ni50,0.1
B20Fe35Ni45,0.1
B20Fe38Ni42,0.1
B20Fe40Ni40,0.1
B20Fe50Ni30,0.1
B20Fe60Mn20,0.1
B20Fe60Ni20,0.1
B20Fe62Mn18,0.1
B20Fe64Mn16,0.1
B20Fe65Si15,0.1
B20Fe66Mn14,0.1
B20Fe67.5Si12.5,0.1
B20Fe67Si13,0.1
B20Fe70Mn10,0.1
B20Fe70Mo10,0.1
B20Fe70Ni10,0.1
B20Fe70Si10,0.1
B20Fe70Zr10,0.1
B20Fe72.5Si7.5,0.1
B20Fe72Mn8,0.1
B20Fe72Mo8,0.1
B20Fe72W8,0.1
B20Fe72Zr8,0.1
B20Fe73.5W6.5,0.1
B20Fe73Mo7,0.1
B20Fe74Mn6,0.1
B20Fe74Mo6,0.1
B20Fe75Mn5,0.1
B20Fe75Mo5,0.1
B20Fe75Ni5,0.1
B20Fe75Si5,0.1
B20Fe75Ti5,0.1
B20Fe75V5,0.1
B20Fe75Zr5,0.1
B20Fe76Mn4,0.1
B20Fe76Mo4,0.1
B20Fe76P4,0.1
B20Fe76Ti4,0.1
B20Fe76W4,0.1
B20Fe77.5Si2.5,0.1
B20Fe77.5W2.5,0.1
B20Fe77Mo3,0.1
B20Fe78Mn2,0.1
B20Fe78Mo2,0.1
B20Fe78Si2,0.1
B20Fe78V2,0.1
B20Fe79Mo1,0.1
B20Fe79W1,0.1
B20Mo24Rh56,0.1
B20Mo67.5Si12.5,0.1
B20Mo70Si10,0.1
B20Mo72.5Si7.5,0.1
B20Mo75Si5,0.1
B20Ni65Si15,0.1
B20Ni68Si12,0.1
B20Ni72Si8,0.1
B20Ni75Si5,0.1
B20Ni76Si4,0.1
B21.5Fe58.5Ni20,0.1
B21Cr24Fe55,0.1
B21Fe70Si9,0.1
B21Fe72Si7,0.1
B21Fe75P4,0.1
B21Fe75Si4,0.1
B21Fe75V4,0.1
B21Ni67Si12,0.1
B21Ni72Si7,0.1
B22.5Fe67.5Si10,0.1
B22.5Fe70Si7.5,0.1
B22.5Fe72.5Si5,0.1
B22.5Ni70Si7.5,0.1
B22C10Ni68,0.1
B22C12Ni66,0.1
B22C14Ni64,0.1
B22C18Ni60,0.1
B22Co62Ti16,0.1
B22Co66Ti12,0.1
B22Co70Ti8,0.1
B22Co74Ti4,0.1
B22Fe19.5Ni58.5,0.1
B22Fe39Ni39,0.1
B22Fe68Zr10,0.1
B22Fe70Zr8,0.1
B22Fe71Si7,0.1
B22Fe73Zr5,0.1
B22Fe75Si3,0.1
B22Fe75Zr3,0.1
B22Mo68Si10,0.1
B22Mo70Si8,0.1
B22Ni72Si6,0.1
B23Fe12.3Ni64.7,0.1
B23Fe38.5Ni38.5,0.1
B23Fe46.2Ni30.8,0.1
B23Fe60.1Ni16.9,0.1
B24C12Co64,0.1
B24C16Co60,0.1
B24C20Co56,0.1
B24C4Co72,0.1
B24C8Co68,0.1
B24C8Ni68,0.1
B24Co24Mn52,0.1
B24Co27Mn49,0.1
B24Co28Mn48,0.1
B24Co33Mn43,0.1
B24Co34Mn42,0.1
B24Co38Mn38,0.1
B24Co39Mn37,0.1
B24Co42Mn34,0.1
B24Co45.5Mn30.5,0.1
B24Co45.6Mn30.4,0.1
B24Co46.5Mn29.5,0.1
B24Co48Mn28,0.1
B24Co49.4Mn26.6,0.1
B24Co49.5Mn26.5,0.1
B24Co52Mn24,0.1
B24Co53.2Mn22.8,0.1
B24Co53Mn23,0.1
B24Co54Mn22,0.1
B24Co60.8Mn15.2,0.1
B24Co61Mn15,0.1
B24Co64Ti12,0.1
B24Co68.4Mn7.6,0.1
B24Co68Mn8,0.1
B24Co68Ti8,0.1
B24Co72Ti4,0.1
B24Fe38Ni38,0.1
B24Fe57Ni19,0.1
B24Fe66Ni10,0.1
B24Fe69Si7,0.1
B24Ni66Si10,0.1
B24Ni68Si8,0.1
B24Ni72Si4,0.1
B25.5Ni66Si8.5,0.1
B25Co62.5Si12.5,0.1
B25Co65Si10,0.1
B25Co65Zr10,0.1
B25Co67.5Cr7.5,0.1
B25Co67.5Mn7.5,0.1
B25Co67.5Si7.5,0.1
B25Co70Fe5,0.1
B25Co70Si5,0.1
B25Cr70Fe5,0.1
B25Fe18Zr57,0.1
B25Fe56Ni19,0.1
B25Fe5Mn70,0.1
B25Fe5Mo70,0.1
B25Fe5Ni70,0.1
B25Fe5W70,0.1
B25Fe65Ni10,0.1
B25Fe70Zr5,0.1
B25Mo65Si10,0.1
B26C12Ni62,0.1
B26C14Ni60,0.1
B26C6Ni68,0.1
B26Fe37Ni37,0.1
B26Ni72Si2,0.1
B27.5Co65Si7.5,0.1
B27Fe18.5Ni54.5,0.1
B27Fe36.5Ni36.5,0.1
B27Fe54.5Ni18.5,0.1
B27Ni70Si3,0.1
B28.5Fe53.5Ni18,0.1
B28C10Ni62,0.1
B28C12Co60,0.1
B28C16Co56,0.1
B28C16Ni56,0.1
B28C2Ni70,0.1
B28C4Co68,0.1
B28C4Ni68,0.1
B28C6Ni66,0.1
B28C8Co64,0.1
B28C8Ni64,0.1
B28Co25Mn47,0.1
B28Co30Mn42,0.1
B28Co32Mn40,0.1
B28Co36Mn36,0.1
B28Co37Mn35,0.1
B28Co41.5Mn30.5,0.1
B28Co41Mn31,0.1
B28Co43.2Mn28.8,0.1
B28Co43Mn29,0.1
B28Co45.5Mn26.5,0.1
B28Co45Mn27,0.1
B28Co47Mn25,0.1
B28Co50.4Mn21.6,0.1
B28Co50Mn22,0.1
B28Co51Mn21,0.1
B28Co52Mn20,0.1
B28Co57.6Mn14.4,0.1
B28Co58Mn14,0.1
B28Co64.8Mn7.2,0.1
B28Co65Mn7,0.1
B28Ni66Si6,0.1
B28Ni68Si4,0.1
B29Fe18Ni53,0.1
B2Co84Nb14,0.1
B2Co88Zr10,0.1
B2Co91Zr7,0.1
B2Cr10Fe88,0.1
B2Cr8Fe90,0.1
B2Fe85Zr13,0.1
B2Fe88Zr10,0.1
B2Fe90Zr8,0.1
B2Fe91Hf7,0.1
B2Fe91Zr7,0.1
B2Ni38Zr60,0.1
B2Ni81.5P16.5,0.1
B3.5Fe92Zr4.5,0.1
B30C12Ni58,0.1
B30Co65Si5,0.1
B30Fe16.8Zr53.2,0.1
B30Fe35Ni35,0.1
B31Co41Mn28,0.1
B32C12Co56,0.1
B32C16Co52,0.1
B32C2Co66,0.1
B32C4Co64,0.1
B32C8Co60,0.1
B32Co41Mn27,0.1
B32Co44Mn24,0.1
B32Co46.4Mn21.6,0.1
B32Co47Mn21,0.1
B32Co48Mn20,0.1
B32Co54.4Mn13.6,0.1
B32Co54.5Mn13.5,0.1
B32Co54Mn14,0.1
B32Co61Mn7,0.1
B33Co40.2Mn26.8,0.1
B33Co53.6Mn13.4,0.1
B34C10Ni56,0.1
B34C12Ni54,0.1
B34C14Ni52,0.1
B34C6Ni60,0.1
B34Co33Ni33,0.1
B36C2Co62,0.1
B36C4Co60,0.1
B38C10Ni52,0.1
B38C12Ni50,0.1
B38C14Ni48,0.1
B38C6Ni56,0.1
B3Fe79P18,0.1
B3Fe82Nd15,0.1
B3Fe85Zr12,0.1
B3Fe90Zr7,0.1
B4.8Fe82.2Nd13,0.1
B40C2Ni58,0.1
B40C8Ni52,0.1
B40Co40Y20,0.1
B42C10Ni48,0.1
B42C12Ni46,0.1
B42C14Ni44,0.1
B42C16Ni42,0.1
B42C2Ni56,0.1
B42C8Ni50,0.1
B46C12Ni42,0.1
B46C20Ni34,0.1
B4Co86Zr10,0.1
B4Cr10Fe86,0.1
B4Cr8Fe88,0.1
B4Fe23Zr73,0.1
B4Fe80P16,0.1
B4Fe86Zr10,0.1
B4Fe88Zr8,0.1
B4Fe89Hf7,0.1
B4Fe89Zr7,0.1
B4Fe90Zr6,0.1
B4Ni36Zr60,0.1
B4Pd80Si16,0.1
B5.5Ni81.5P13,0.1
B50C20Ni30,0.1
B55C12Ni33,0.1
B55C16Ni29,0.1
B55C8Ni37,0.1
B59C4Ni37,0.1
B5Co81Nb14,0.1
B5Co85Zr10,0.1
B5Cu15Zr80,0.1
B5Cu20Zr75,0.1
B5Cu25Zr70,0.1
B5Cu30Zr65,0.1
B5Cu35Zr60,0.1
B5Cu40Zr55,0.1
B5Cu45Zr50,0.1
B5Cu50Zr45,0.1
B5Cu55Zr40,0.1
B5Cu60Zr35,0.1
B5Cu65Zr30,0.1
B5Cu70Zr25,0.1
B5Fe80Si15,0.1
B5Fe80Zr15,0.1
B5Fe83P12,0.1
B5Fe83Zr12,0.1
B5Fe85Zr10,0.1
B5Ni80P15,0.1
B6.1Fe82.1Nd11.8,0.1
B6Co80Nb14,0.1
B6Cr10Fe84,0.1
B6Cr8Fe86,0.1
B6Fe22.6Zr71.4,0.1
B6Fe79P15,0.1
B6Fe80P14,0.1
B6Fe81P13,0.1
B6Fe82Nb12,0.1
B6Fe82Nd12,0.1
B6Fe82P12,0.1
B6Fe83P11,0.1
B6Fe84Zr10,0.1
B6Fe87Hf7,0.1
B6Fe87Zr7,0.1
B6Ni34Zr60,0.1
B6Ni80P14,0.1
B7.5Co77.5Si15,0.1
B7.5Cu25Zr67.5,0.1
B7.5Cu30Zr62.5,0.1
B7.5Cu35Zr57.5,0.1
B7.5Cu50Zr42.5,0.1
B7.5Cu55Zr37.5,0.1
B7.5Fe75Si17.5,0.1
B7.5Fe77.5Nd15,0.1
B7.5Fe77.5Si15,0.1
B7.5Fe80Si12.5,0.1
B7.5Mo70Si22.5,0.1
B7.8Fe78.2Nd14,0.1
B7C7Fe86,0.1
B7Co77Zr16,0.1
B7Co80P13,0.1
B7Fe78Si15,0.1
B7Fe79P14,0.1
B7Fe80P13,0.1
B7Fe81P12,0.1
B7Fe82P11,0.1
B7Fe83P10,0.1
B7Fe85Zr8,0.1
B8C7Fe85,0.1
B8C9Fe83,0.1
B8Cr10Fe82,0.1
B8Cr8Fe84,0.1
B8Fe22Zr70,0.1
B8Fe76Nd16,0.1
B8Fe77Nb15,0.1
B8Fe77Nd15,0.1
B8Fe79Nd13,0.1
B8Fe79P13,0.1
B8Fe80Nb12,0.1
B8Fe80P12,0.1
B8Fe80Zr12,0.1
B8Fe81P11,0.1
B8Fe82P10,0.1
B8Fe82Zr10,0.1
B8Fe83P9,0.1
B8Fe85Hf7,0.1
B8Fe85Nb7,0.1
B8Fe85Zr7,0.1
B8Ni30Ti62,0.1
B8Ni32Zr60,0.1
B9C11Fe80,0.1
B9C9Fe82,0.1
B9Co85Fe6,0.1
B9Cr85Fe6,0.1
B9Fe6Mn85,0.1
B9Fe6Mo85,0.1
B9Fe6Ni85,0.1
B9Fe6W85,0.1
B9Fe77.5Si13.5,0.1
B9Fe78P13,0.1
B9Fe79P12,0.1
B9Fe80P11,0.1
B9Fe81P10,0.1
B9Fe82Nd9,0.1
B9Fe82P9,0.1
B9Fe84Nb7,0.1
B9Fe86Zr5,0.1
Ba10Cu32La58,0.1
Ba10Cu33.5La56.5,0.1
Ba10Cu35La55,0.1
Ba10Cu36.5La53.5,0.1
Ba1Cu38La61,0.1
Ba2Cu27La71,0.1
Ba2Cu39La59,0.1
Ba3Cu40La57,0.1
Ba3Cu41La56,0.1
Ba4.5Cu27.5La68,0.1
Ba4Cu27La69,0.1
Ba4Cu42La54,0.1
Ba5Cu42La53,0.1
Ba67Cu5La28,0.1
Ba7.5Cu29La63.5,0.1
Ba7Cu28La65,0.1
Ba7Cu41.5La51.5,0.1
Ba8Cu30La62,0.1
Ba8Cu40La52,0.1
Ba9.5Cu38La52.5,0.1
Ba9Cu31La60,0.1
Ba9Cu39La52,0.1
Be20Si10Ti70,0.1
Be25Si5Ti70,0.1
Be30Nb5Zr65,0.1
Be30Si5Ti65,0.1
Be32.5Nb2.5Zr65,0.1
Be32.5Nb4Zr63.5,0.1
Be32.5Nb5Zr62.5,0.1
Be35Nb10Zr55,0.1
Be35Nb2.5Zr62.5,0.1
Be35Nb5Zr60,0.1
Be35Si5Ti60,0.1
Be40Ti30Zr30,0.1
Be40Ti50Zr10,0.1
Be43Hf25Zr32,0.1
Be43Hf54Zr3,0.1
Be43Hf5Zr52,0.1
C10Co67.5Si22.5,0.1
C10Fe65Si25,0.1
C10Fe70Si20,0.1
C10Fe72.5P17.5,0.1
C10Fe75P15,0.1
C10Fe77.5P12.5,0.1
C10Fe80P10,0.1
C10Mo20Ni70,0.1
C12.5Co65Si22.5,0.1
C12.5Co67.5Si20,0.1
C12.5Co72.5W15,0.1
C12.5Fe65Si22.5,0.1
C12.5Fe70Si17.5,0.1
C12.5Fe72.5P15,0.1
C12.5Fe75P12.5,0.1
C12.5Fe77.5P10,0.1
C12.5Fe80P7.5,0.1
C12.5Ni65Si22.5,0.1
C12.5Ni67.5Si20,0.1
C12Fe71Mo17,0.1
C12Mo20Ni68,0.1
C12Mo24Ni64,0.1
C14Co70W16,0.1
C14Co72W14,0.1
C14Mo20Ni66,0.1
C14Mo24Ni62,0.1
C15Co67.5Si17.5,0.1
C15Co70W15,0.1
C15Fe65Si20,0.1
C15Fe70Si15,0.1
C15Fe72.5P12.5,0.1
C15Fe75P10,0.1
C15Fe77.5P7.5,0.1
C15Ni67.5Si17.5,0.1
C16Co36Cr48,0.1
C16Co48Mo36,0.1
C16Co56Mo28,0.1
C16Co60Mo24,0.1
C16Co64Mo20,0.1
C16Co68Mo16,0.1
C16Co70W14,0.1
C16Co72Mo12,0.1
C16Co72W12,0.1
C16Fe67Mo17,0.1
C16Mo20Ni64,0.1
C16Mo24Ni60,0.1
C17.5Co67.5Si15,0.1
C17.5Fe65Si17.5,0.1
C17.5Fe70Si12.5,0.1
C17.5Fe72.5P10,0.1
C17.5Fe75P7.5,0.1
C17.5Ni67.5Si15,0.1
C18Co34Cr48,0.1
C18Co38Cr44,0.1
C18Co42Cr40,0.1
C18Co44Cr38,0.1
C18Co46Mo36,0.1
C18Co48Cr34,0.1
C18Co50Mo32,0.1
C18Co52Cr30,0.1
C18Co54Mo28,0.1
C18Co56Cr26,0.1
C18Co58Mo24,0.1
C18Co62Mo20,0.1
C18Co66Mo16,0.1
C18Co70Mo12,0.1
C18Co70W12,0.1
C18Co72Mo10,0.1
C18Cr26Fe56,0.1
C18Cr28Fe54,0.1
C18Cr30Fe52,0.1
C18Cr32Fe50,0.1
C18Cr36Fe46,0.1
C18Cr40Fe42,0.1
C18Fe62Mo20,0.1
C18Fe66Mo16,0.1
C18Fe70Mo12,0.1
C18Fe74Mo8,0.1
C1Nb80Si19,0.1
C2.5Fe80P17.5,0.1
C2.5Fe82.5P15,0.1
C20Co36Cr44,0.1
C20Co40Cr40,0.1
C20Co44Cr36,0.1
C20Co44Mo36,0.1
C20Co48Cr32,0.1
C20Co48Mo32,0.1
C20Co52Cr28,0.1
C20Co52Mo28,0.1
C20Co56Mo24,0.1
C20Co60Mo20,0.1
C20Co64Mo16,0.1
C20Co68Mo12,0.1
C20Co70Mo10,0.1
C20Fe63Mo17,0.1
C20Fe65Si15,0.1
C20Fe66W14,0.1
C20Fe68W12,0.1
C20Fe70Si10,0.1
C22.5Fe65Si12.5,0.1
C22Co36Cr42,0.1
C22Co40Cr38,0.1
C22Co44Cr34,0.1
C22Co46Mo32,0.1
C22Co50Mo28,0.1
C22Co54Mo24,0.1
C22Co58Mo20,0.1
C22Co62Mo16,0.1
C22Co68Mo10,0.1
C22Fe64W14,0.1
C22Fe66W12,0.1
C22Fe68W10,0.1
C24Fe59Mo17,0.1
C25Fe65Si10,0.1
C2Nb80Si18,0.1
C3.5Fe81.5P15,0.1
C4.5Fe80.5P15,0.1
C4Nb80Si16,0.1
C5Fe75P20,0.1
C5Fe77.5P17.5,0.1
C5Fe80P15,0.1
C6.5Fe77.5P16,0.1
C6.5Fe78.5P15,0.1
C6.5Fe80.5P13,0.1
C6.5Fe82P11.5,0.1
C6Fe76Mo18,0.1
C6Nb80Si14,0.1
C7.5Fe72.5P20,0.1
C7.5Fe75P17.5,0.1
C7.5Fe77.5P15,0.1
C7.5Fe80P12.5,0.1
C8Fe75Mo17,0.1
C8Fe77P15,0.1
C8Nb80Si12,0.1
C9Fe76P15,0.1
Ca1.5Cu27.5La71,0.1
Ca10Mg80Zn10,0.1
Ca10Mg85Zn5,0.1
Ca1Cu27.5La71.5,0.1
Ca1Cu37.5La61.5,0.1
Ca25Cu30Mg45,0.1
Ca2Cu28La70,0.1
Ca2Cu37.5La60.5,0.1
Ca3Cu28.5La68.5,0.1
Ca3Cu37.5La59.5,0.1
Ca4Cu29La67,0.1
Ca4Cu37.5La58.5,0.1
Ca5Cu30La65,0.1
Ca5Cu37.5La57.5,0.1
Ca6.5Cu37La56.5,0.1
Ca60Ga10Mg30,0.1
Ca60Ga20Mg20,0.1
Ca60Ga30Mg10,0.1
Ca60Ga5Mg35,0.1
Ca6Cu31La63,0.1
Ca7.5Cu10Mg82.5,0.1
Ca7.5Cu36La56.5,0.1
Ca7.5Cu5Mg87.5,0.1
Ca75Cu10Mg15,0.1
Ca7Cu32La61,0.1
Ca8.5Cu33La58.5,0.1
Ca8.5Cu35La56.5,0.1
Ca8Cu32.5La59.5,0.1
Ca9Cu33.5La57.5,0.1
Ce10Cu10Mg80,0.1
Ce10Cu15Mg75,0.1
Ce10Cu20Mg70,0.1
Ce10Cu25Mg65,0.1
Ce10Mg60Ni30,0.1
Ce10Mg70Ni20,0.1
Ce10Mg72Ni18,0.1
Ce10Mg75Ni15,0.1
Ce10Mg80Ni10,0.1
Ce10Mg85Ni5,0.1
Ce15Cu15Mg70,0.1
Ce15Cu20Mg65,0.1
Ce15Mg75Ni10,0.1
Ce20Mg50Ni30,0.1
Ce20Mg60Ni20,0.1
Ce3Mg85Zn12,0.1
Ce5Cu10Mg85,0.1
Ce5Cu15Mg80,0.1
Ce5Cu20Mg75,0.1
Ce5Cu25Mg70,0.1
Ce5Cu30Mg65,0.1
Ce5Mg75Ni20,0.1
Ce5Mg85Ni10,0.1
Co1.7Pd81.8Si16.5,0.1
Co10Fe80Zr10,0.1
Co10Mn80Zr10,0.1
Co10Ni29.7Zr60.3,0.1
Co10Ni40Ta50,0.1
Co10Pd70Si20,0.1
Co10Pd73.5Si16.5,0.1
Co12.5Pd71Si16.5,0.1
Co15Ni28.05Zr56.95,0.1
Co15Pd68.5Si16.5,0.1
Co18Fe72Zr10,0.1
Co20Fe70Zr10,0.1
Co20Ni26.4Zr53.6,0.1
Co22.5Fe67.5Zr10,0.1
Co22P11Zr67,0.1
Co24Hf67Si9,0.1
Co25Pd10Zr65,0.1
Co27Fe63Zr10,0.1
Co28P5Zr67,0.1
Co2Mn88Zr10,0.1
Co2Ni77P21,0.1
Co2Ni78.5P19.5,0.1
Co2Ni80P18,0.1
Co3.5Ni75.5P21,0.1
Co3.5Ni77P19.5,0.1
Co3.5Ni78.5P18,0.1
Co30Fe60Zr10,0.1
Co30Hf67P3,0.1
Co30Ni20Zr50,0.1
Co30Pd5Zr65,0.1
Co33Ni0.05Zr66.95,0.1
Co33Ni0.15Zr66.85,0.1
Co33Ni0.1Zr66.9,0.1
Co33Ni0.2Zr66.8,0.1
Co34Pd1Zr65,0.1
Co36Fe54Zr10,0.1
Co4.2Pd79.3Si16.5,0.1
Co40Fe50Zr10,0.1
Co45Fe45Zr10,0.1
Co4Fe86Zr10,0.1
Co50Fe40Zr10,0.1
Co54Fe36Zr10,0.1
Co54Pd1Zr45,0.1
Co5Mn85Zr10,0.1
Co5Ni31.35Zr63.65,0.1
Co5Ni74P21,0.1
Co5Ni75.5P19.5,0.1
Co5Ni77P18,0.1
Co6.7Pd76.8Si16.5,0.1
Co60Cr30Zr10,0.1
Co60Fe30Zr10,0.1
Co65.5Mo20Zr14.5,0.1
Co65Cr25Zr10,0.1
Co66Cr18Zr16,0.1
Co66V20Zr14,0.1
Co67.5Cr16Zr16.5,0.1
Co67.5Fe22.5Zr10,0.1
Co67.5V18Zr14.5,0.1
Co67Mo18Zr15,0.1
Co68.6Mo16Zr15.4,0.1
Co69.2V16Zr14.8,0.1
Co69Cr14Zr17,0.1
Co70.3Mo14Zr15.7,0.1
Co70.6Gd14Mo15.4,0.1
Co70Cr10P20,0.1
Co70Cr20Zr10,0.1
Co70Fe20Zr10,0.1
Co71Cr12Zr17,0.1
Co71V14Zr15,0.1
Co72.5Cr10Zr17.5,0.1
Co72.5V20Zr7.5,0.1
Co72.8Cr20Zr7.2,0.1
Co72.8Gd19.4Mo7.8,0.1
Co72.8V12Zr15.2,0.1
Co72.9Cr17.1Zr10,0.1
Co72Fe18Zr10,0.1
Co72Mo12Zr16,0.1
Co73Gd12.9Mo14.1,0.1
Co74.5Cr8Zr17.5,0.1
Co74.5Mo13Zr12.5,0.1
Co74.5V10Zr15.5,0.1
Co74.5W14Zr11.5,0.1
Co74.8Mo20Zr5.2,0.1
Co74Mo10Zr16,0.1
Co74W12Zr14,0.1
Co74W13Zr13,0.1
Co75.4Cr12.6Zr12,0.1
Co75.6Gd8.4Mo16,0.1
Co75.7Mo8Zr16.3,0.1
Co75.8V12Zr12.2,0.1
Co75Cr15Zr10,0.1
Co75Cr18Zr7,0.1
Co75V18Zr7,0.1
Co75W10Zr15,0.1
Co76.3V8Zr15.7,0.1
Co76.4W8Zr15.6,0.1
Co76.5Cr6Zr17.5,0.1
Co77.2V16Zr6.8,0.1
Co77.5Cr16Zr6.5,0.1
Co77.5Mo6Zr16.5,0.1
Co77Cr11.6Zr11.4,0.1
Co77Mo18Zr5,0.1
Co77W14Zr9,0.1
Co78.2W6Zr15.8,0.1
Co78.5Cr4Zr17.5,0.1
Co78Cr11.2Zr10.8,0.1
Co78Mo10.8Zr11.2,0.1
Co78V6Zr16,0.1
Co78W8Zr14,0.1
Co79.2V10.6Zr10.2,0.1
Co79.5Mo10Zr10.5,0.1
Co79.5V14Zr6.5,0.1
Co79.5W13Zr7.5,0.1
Co79.7Mo4Zr16.3,0.1
Co79Cr10.6Zr10.4,0.1
Co79Mo16Zr5,0.1
Co7Ni72P21,0.1
Co7Ni73.5P19.5,0.1
Co7Ni75P18,0.1
Co80.5W7Zr12.5,0.1
Co80Cr10Zr10,0.1
Co80Cr14Zr6,0.1
Co80Fe10Zr10,0.1
Co80Mo10Zr10,0.1
Co80Mo9.5Zr10.5,0.1
Co80Ni10Zr10,0.1
Co80V10Zr10,0.1
Co80V4Zr16,0.1
Co80W10Zr10,0.1
Co80W4Zr16,0.1
Co81.2Cr9.6Zr9.2,0.1
Co81.5V12Zr6.5,0.1
Co81.6Mo9Zr9.4,0.1
Co81.8V9Zr9.2,0.1
Co81Cr2Zr17,0.1
Co81Mo14Zr5,0.1
Co82.2W6.6Zr11.2,0.1
Co82.4Mo8.6Zr9,0.1
Co82Cr12Zr6,0.1
Co82Mo2Zr16,0.1
Co82V2Zr16,0.1
Co82W12Zr6,0.1
Co82W2Zr16,0.1
Co83.4Cr8.3Zr8.3,0.1
Co83.5V10Zr6.5,0.1
Co83Mo12Zr5,0.1
Co84.8Mo10Zr5.2,0.1
Co84.8W10Zr5.2,0.1
Co84Cr10Zr6,0.1
Co84V8Zr8,0.1
Co84W6Zr10,0.1
Co85.5Cr8Zr6.5,0.1
Co85.5W5Zr9.5,0.1
Co85Cr5Zr10,0.1
Co85Fe5Zr10,0.1
Co85Ni5Zr10,0.1
Co85Si5Zr10,0.1
Co85V5Zr10,0.1
Co85V8Zr7,0.1
Co85W5Zr10,0.1
Co86.2Mo6.4Zr7.4,0.1
Co86.5Mo8Zr5.5,0.1
Co86.5V6Zr7.5,0.1
Co86.8W8Zr5.2,0.1
Co87.2Cr6Zr6.8,0.1
Co88.5Cr4Zr7.5,0.1
Co88.5W6Zr5.5,0.1
Co88Mo6Zr6,0.1
Co88Ni2Zr10,0.1
Co88Si2Zr10,0.1
Co88V4Zr8,0.1
Co89.5V2Zr8.5,0.1
Co89.7Cr2Zr8.3,0.1
Co89.8W4Zr6.2,0.1
Co89Mo4Zr7,0.1
Co90.2W2Zr7.8,0.1
Co90Mo2Zr8,0.1
Co9Fe81Zr10,0.1
Co9Ni72P19,0.1
Cr0.5Pd79.5Si20,0.1
Cr10Fe80Zr10,0.1
Cr10Ni29.7Zr60.3,0.1
Cr10Ni50Zr40,0.1
Cr10Ni70P20,0.1
Cr10Ni71P19,0.1
Cr10Si15Zr75,0.1
Cr14Ni68P18,0.1
Cr15Fe75Zr10,0.1
Cr15Ni15Zr70,0.1
Cr15Ni25Zr60,0.1
Cr15Ni28.05Zr56.95,0.1
Cr15Ni35Zr50,0.1
Cr15Ni45Zr40,0.1
Cr15Ni65P20,0.1
Cr15Ni66P19,0.1
Cr17Fe73Zr10,0.1
Cr18Ni62P20,0.1
Cr1Pd79Si20,0.1
Cr20Fe70Zr10,0.1
Cr20Ni26.4Zr53.6,0.1
Cr20Ni60P20,0.1
Cr20Ni61P19,0.1
Cr20Si15Zr65,0.1
Cr23Fe55P22,0.1
Cr24Fe56.5P19.5,0.1
Cr25Fe57.5P17.5,0.1
Cr25Fe65Zr10,0.1
Cr25Ni56P19,0.1
Cr26Fe59.5P14.5,0.1
Cr26Fe60.5P13.5,0.1
Cr2Fe78P20,0.1
Cr2Fe88Zr10,0.1
Cr2Pd78Si20,0.1
Cr30Ni51P19,0.1
Cr33Ni0.05Zr66.95,0.1
Cr33Ni0.15Zr66.85,0.1
Cr33Ni0.1Zr66.9,0.1
Cr33Ni0.2Zr66.8,0.1
Cr3Ni77P20,0.1
Cr3Pd77Si20,0.1
Cr40Ni40P20,0.1
Cr43.5Ni40.5P16,0.1
Cr4Fe76P20,0.1
Cr4Fe86Zr10,0.1
Cr4Pd76Si20,0.1
Cr50Ni30P20,0.1
Cr55.93Ni28.93P15.14,0.1
Cr58Ni27P15,0.1
Cr59.81Ni25.31P14.88,0.1
Cr5Ni31.35Zr63.65,0.1
Cr5Ni55Zr40,0.1
Cr5Ni75P20,0.1
Cr5Ni76P19,0.1
Cr5Pd75Si20,0.1
Cr60Ni20P20,0.1
Cr6Fe74P20,0.1
Cr6Fe84Zr10,0.1
Cr6Pd74Si20,0.1
Cr73Fe10P17,0.1
Cr74Fe9P17,0.1
Cr7Fe76P17,0.1
Cr7Fe83Zr10,0.1
Cr7Ni73P20,0.1
Cr7Pd73Si20,0.1
Cr8Fe72P20,0.1
Cr8Fe82Zr10,0.1
Cu1.7Pd81.8Si16.5,0.1
Cu10Hf20Ni70,0.1
Cu10Hf30Ni60,0.1
Cu10Hf40Ni50,0.1
Cu10Hf50Ni40,0.1
Cu10Hf60Ni30,0.1
Cu10Hf70Ni20,0.1
Cu10Hf75Ni15,0.1
Cu10Mg65Y25,0.1
Cu10Mg70Nd20,0.1
Cu10Mg70Y20,0.1
Cu10Mg75Nd15,0.1
Cu10Mg75Y15,0.1
Cu10Mg80Nd10,0.1
Cu10Mg80Y10,0.1
Cu10Mg85Nd5,0.1
Cu10Mg85Y5,0.1
Cu10Ni20Ti70,0.1
Cu10Ni20Zr70,0.1
Cu10Ni29.7Zr60.3,0.1
Cu10Ni30Ti60,0.1
Cu10Ni30Zr60,0.1
Cu10Ni40Zr50,0.1
Cu10Ni50Zr40,0.1
Cu10Ni60Zr30,0.1
Cu10Ni68P22,0.1
Cu10Ni70P20,0.1
Cu10Ni72P18,0.1
Cu10Pd70Si20,0.1
Cu10Pd73Si17,0.1
Cu10Pd74.2Si15.8,0.1
Cu11Pd69.5Si19.5,0.1
Cu12.5Pd70.5Si17,0.1
Cu12.5Pd71Si16.5,0.1
Cu12Ni68P20,0.1
Cu12Pd66Si22,0.1
Cu12Pd72.5Si15.5,0.1
Cu14.4Ni65.6P20,0.1
Cu14.5Pd69Si16.5,0.1
Cu14Pd70.9Si15.1,0.1
Cu15Hf55Ni30,0.1
Cu15La40Mg45,0.1
Cu15La5Mg80,0.1
Cu15Mg65Nd20,0.1
Cu15Mg70Nd15,0.1
Cu15Mg70Y15,0.1
Cu15Mg75Nd10,0.1
Cu15Mg75Y10,0.1
Cu15Mg80Nd5,0.1
Cu15Mg80Y5,0.1
Cu15Ni25Zr60,0.1
Cu15Ni28.05Zr56.95,0.1
Cu15Ni30Zr55,0.1
Cu15Pd68.5Si16.5,0.1
Cu15Pd69Si16,0.1
Cu16.5Pd67Si16.5,0.1
Cu16Mg60Y24,0.1
Cu16Ni23Ti61,0.1
Cu19Pd64.5Si16.5,0.1
Cu1Mg84Y15,0.1
Cu20.9Pd62.6Si16.5,0.1
Cu20Hf20Ni60,0.1
Cu20Hf30Ni50,0.1
Cu20Hf40Ni40,0.1
Cu20Hf50Ni30,0.1
Cu20Hf55Ni25,0.1
Cu20Hf60Ni20,0.1
Cu20Hf65Ni15,0.1
Cu20Hf70Ni10,0.1
Cu20La10Mg70,0.1
Cu20La30Mg50,0.1
Cu20La40Mg40,0.1
Cu20La5Mg75,0.1
Cu20Mg45Nd35,0.1
Cu20Mg50Nd30,0.1
Cu20Mg50Y30,0.1
Cu20Mg55Nd25,0.1
Cu20Mg60Nd20,0.1
Cu20Mg60Y20,0.1
Cu20Mg65Nd15,0.1
Cu20Mg70Nd10,0.1
Cu20Mg70Y10,0.1
Cu20Mg75Nd5,0.1
Cu20Mg79Y1,0.1
Cu20Ni10Ti70,0.1
Cu20Ni10Zr70,0.1
Cu20Ni20Ti60,0.1
Cu20Ni20Zr60,0.1
Cu20Ni26.4Zr53.6,0.1
Cu20Ni30Ti50,0.1
Cu20Ni30Zr50,0.1
Cu20Ni40Zr40,0.1
Cu20Ni50Zr30,0.1
Cu24Mg40Y36,0.1
Cu25Hf50Ni25,0.1
Cu25Hf55Ni20,0.1
Cu25La20Mg55,0.1
Cu25La30Mg45,0.1
Cu25La40Mg35,0.1
Cu25Mg45Nd30,0.1
Cu25Mg50Nd25,0.1
Cu25Mg55Nd20,0.1
Cu25Mg60Nd15,0.1
Cu25Mg60Y15,0.1
Cu25Mg70Nd5,0.1
Cu25Mg70Y5,0.1
Cu25Ni15Zr60,0.1
Cu25Ni20Zr55,0.1
Cu25Ni25Ti50,0.1
Cu25Ni25Zr50,0.1
Cu27.5La66Sr6.5,0.1
Cu27.5La67.5Sr5,0.1
Cu27La69Sr4,0.1
Cu27La70Sr3,0.1
Cu27La71Sr2,0.1
Cu28.5La61.5Sr10,0.1
Cu28.5La62.5Sr9,0.1
Cu28La63.5Sr8.5,0.1
Cu28La64.5Sr7.5,0.1
Cu29La60Sr11,0.1
Cu2Ni76P22,0.1
Cu2Ni78P20,0.1
Cu2Ni80P18,0.1
Cu2Pd80.75Si17.25,0.1
Cu3.5Pd80Si16.5,0.1
Cu30.5La56Sr13.5,0.1
Cu30Hf20Ni50,0.1
Cu30Hf30Ni40,0.1
Cu30Hf40Ni30,0.1
Cu30Hf45Ni25,0.1
Cu30Hf50Ni20,0.1
Cu30Hf55Ni15,0.1
Cu30Hf60Ni10,0.1
Cu30La10Mg60,0.1
Cu30La20Mg50,0.1
Cu30La30Mg40,0.1
Cu30La40Mg30,0.1
Cu30La57.5Sr12.5,0.1
Cu30La58Sr12,0.1
Cu30La5Mg65,0.1
Cu30Mg40Nd30,0.1
Cu30Mg40Y30,0.1
Cu30Mg45Nd25,0.1
Cu30Mg50Nd20,0.1
Cu30Mg50Y20,0.1
Cu30Mg55Nd15,0.1
Cu30Mg60Nd10,0.1
Cu30Mg60Y10,0.1
Cu30Mg65Nd5,0.1
Cu30Mg69Y1,0.1
Cu30Ni10Ti60,0.1
Cu30Ni10Zr60,0.1
Cu30Ni15Zr55,0.1
Cu30Ni20Ti50,0.1
Cu30Ni20Zr50,0.1
Cu30Ni25Zr45,0.1
Cu30Ni30Ti40,0.1
Cu30Ni30Zr40,0.1
Cu30Ni40Zr30,0.1
Cu31La55Sr14,0.1
Cu32.5La52.5Sr15,0.1
Cu32La53.5Sr14.5,0.1
Cu32Mg20Y48,0.1
Cu33La51.5Sr15.5,0.1
Cu33Ni0.05Zr66.95,0.1
Cu33Ni0.15Zr66.85,0.1
Cu33Ni0.1Zr66.9,0.1
Cu33Ni0.2Zr66.8,0.1
Cu34La50Sr16,0.1
Cu35Fe5Ti60,0.1
Cu35Hf45Ni20,0.1
Cu35Hf50Ni15,0.1
Cu35La48Sr17,0.1
Cu35Mg30Nd35,0.1
Cu35Mg45Nd20,0.1
Cu35Mg50Nd15,0.1
Cu35Mg55Nd10,0.1
Cu35Ni15Zr50,0.1
Cu35Ni20Zr45,0.1
Cu36La47Sr17,0.1
Cu37La47Sr16,0.1
Cu37La48Sr15,0.1
Cu37La49Sr14,0.1
Cu37La50.5Sr12.5,0.1
Cu37La52Sr11,0.1
Cu37La53Sr10,0.1
Cu37La54Sr9,0.1
Cu37La55Sr8,0.1
Cu37La56Sr7,0.1
Cu37La57Sr6,0.1
Cu37La58Sr5,0.1
Cu37La59.5Sr3.5,0.1
Cu37La59Sr4,0.1
Cu37La60.5Sr2.5,0.1
Cu37La61.5Sr1.5,0.1
Cu37La62Sr1,0.1
Cu37Mg48Y15,0.1
Cu38.2Hf28.8Nb33,0.1
Cu38.2Nb33Ti28.8,0.1
Cu38.2Nb33Zr28.8,0.1
Cu39.9Hf30.1Nb30,0.1
Cu39.9Nb30Ti30.1,0.1
Cu39.9Nb30Zr30.1,0.1
Cu39Ti17Zr44,0.1
Cu39Ti21Zr40,0.1
Cu3Pd80Si17,0.1
Cu4.2Pd79.3Si16.5,0.1
Cu4.5Pd77.5Si18,0.1
Cu40Fe10Ti50,0.1
Cu40Fe20Zr40,0.1
Cu40Hf20Ni40,0.1
Cu40Hf30Ni30,0.1
Cu40Hf40Ni20,0.1
Cu40Hf45Ni15,0.1
Cu40Hf50Ni10,0.1
Cu40La10Mg50,0.1
Cu40La20Mg40,0.1
Cu40La30Mg30,0.1
Cu40La5Mg55,0.1
Cu40Mg30Nd30,0.1
Cu40Mg30Y30,0.1
Cu40Mg40Nd20,0.1
Cu40Mg40Y20,0.1
Cu40Mg50Nd10,0.1
Cu40Mg55Nd5,0.1
Cu40Mg55Y5,0.1
Cu40Mg59Y1,0.1
Cu40Ni10Ti50,0.1
Cu40Ni10Zr50,0.1
Cu40Ni15Zr45,0.1
Cu40Ni20Ti40,0.1
Cu40Ni20Zr40,0.1
Cu40Ni30Ti30,0.1
Cu40Ni30Zr30,0.1
Cu40Ti30Zr30,0.1
Cu42.7Hf32.3Nb25,0.1
Cu42.7Nb25Ti32.3,0.1
Cu42.7Nb25Zr32.3,0.1
Cu44Ti10Zr46,0.1
Cu44Ti16Zr40,0.1
Cu45.6Hf34.4Nb20,0.1
Cu45.6Nb20Ti34.4,0.1
Cu45.6Nb20Zr34.4,0.1
Cu45Fe5Ti50,0.1
Cu45Ni10Ti45,0.1
Cu45Ti20Zr35,0.1
Cu45Ti25Zr30,0.1
Cu47Ti35Zr18,0.1
Cu48.4Hf36.6Nb15,0.1
Cu48.4Nb15Ti36.6,0.1
Cu48.4Nb15Zr36.6,0.1
Cu4Ni74P22,0.1
Cu4Ni76P20,0.1
Cu4Ni78P18,0.1
Cu4Pd79.1Si16.9,0.1
Cu5.7Pd73.8Si20.5,0.1
Cu5.8Pd74.7Si19.5,0.1
Cu5.9Pd75.6Si18.5,0.1
Cu5.9Pd76.6Si17.5,0.1
Cu50Fe10Zr40,0.1
Cu50Hf20Ni30,0.1
Cu50Hf30Ni20,0.1
Cu50Hf40Ni10,0.1
Cu50La10Mg40,0.1
Cu50La20Mg30,0.1
Cu50Mg20Nd30,0.1
Cu50Mg30Nd20,0.1
Cu50Mg40Nd10,0.1
Cu50Ni10Ti40,0.1
Cu50Ni10Zr40,0.1
Cu50Ni20Ti30,0.1
Cu50Ni20Zr30,0.1
Cu50Ti15Zr35,0.1
Cu50Ti30Zr20,0.1
Cu51.3Hf38.7Nb10,0.1
Cu51.3Nb10Ti38.7,0.1
Cu51.3Nb10Zr38.7,0.1
Cu52.8Ni27.2P20,0.1
Cu53Fe7Zr40,0.1
Cu54.1Hf40.9Nb5,0.1
Cu54.1Nb5Ti40.9,0.1
Cu54.1Nb5Zr40.9,0.1
Cu54Ti11Zr35,0.1
Cu55Fe5Ti40,0.1
Cu55Fe5Zr40,0.1
Cu55Ti20Zr25,0.1
Cu55Ti25Zr20,0.1
Cu56.4Hf42.6Nb1,0.1
Cu56.4Nb1Ti42.6,0.1
Cu56.4Nb1Zr42.6,0.1
Cu56P2Zr42,0.1
Cu57Fe3Zr40,0.1
Cu57Hf21Nb22,0.1
Cu57Hf23Nb20,0.1
Cu57Hf28Nb15,0.1
Cu57Hf33Nb10,0.1
Cu57Hf38Nb5,0.1
Cu57Hf42Nb1,0.1
Cu57Nb10Ti33,0.1
Cu57Nb10Zr33,0.1
Cu57Nb15Ti28,0.1
Cu57Nb15Zr28,0.1
Cu57Nb1Ti42,0.1
Cu57Nb1Zr42,0.1
Cu57Nb20Ti23,0.1
Cu57Nb20Zr23,0.1
Cu57Nb22Ti21,0.1
Cu57Nb22Zr21,0.1
Cu57Nb5Ti38,0.1
Cu57Nb5Zr38,0.1
Cu59Fe1Zr40,0.1
Cu5Mg85Nd10,0.1
Cu5Mg85Y10,0.1
Cu5Ni20Ti75,0.1
Cu5Ni31.35Zr63.65,0.1
Cu6.1Pd78.4Si15.5,0.1
Cu6.7Pd76.8Si16.5,0.1
Cu60Hf20Ni20,0.1
Cu60Hf30Ni10,0.1
Cu60Mg10Nd30,0.1
Cu60Mg20Nd20,0.1
Cu60Ni10Ti30,0.1
Cu60Ni10Zr30,0.1
Cu60Ti25Zr15,0.1
Cu61.6Ni18.4P20,0.1
Cu65Ti20Zr15,0.1
Cu67Ni17P16,0.1
Cu69Ni13P18,0.1
Cu6Ni72P22,0.1
Cu6Ni74P20,0.1
Cu6Ni76P18,0.1
Cu70Pb1Zn29,0.1
Cu73Ni11P16,0.1
Cu7Pd73Si20,0.1
Cu7Pd76.5Si16.5,0.1
Cu7Pd76Si17,0.1
Cu8Mg80Y12,0.1
Cu8Ni70P22,0.1
Cu8Ni72P20,0.1
Cu8Ni74P18,0.1
Cu8Pd74Si18,0.1
Cu8Pd75.8Si16.2,0.1
Cu9Pd75Si16,0.1
Dy0.3Fe89.7Zr10,0.1
Dy88Fe2Zr10,0.1
Fe1.7Pd81.8Si16.5,0.1
Fe10Ni29.7Zr60.3,0.1
Fe10Ni70P20,0.1
Fe10Pd73.5Si16.5,0.1
Fe10Si15Zr75,0.1
Fe12.5Pd71Si16.5,0.1
Fe12Si16Ti72,0.1
Fe13.2Ni19.8Zr67,0.1
Fe13Pd67Si20,0.1
Fe15Ni28.05Zr56.95,0.1
Fe15Ni65P20,0.1
Fe16.5Ni16.5Zr67,0.1
Fe16Ni64P20,0.1
Fe18Ni72Zr10,0.1
Fe1Ni79P20,0.1
Fe20.2Ni12.8Zr67,0.1
Fe20Ni26.4Zr53.6,0.1
Fe20Ni60P20,0.1
Fe20Si65Zr15,0.1
Fe22Si10Zr68,0.1
Fe23.1Ni9.9Zr67,0.1
Fe24Hf15.2Zr60.8,0.1
Fe24Hf22.8Zr53.2,0.1
Fe24Hf34.2Zr41.8,0.1
Fe24Hf7.6Zr68.4,0.1
Fe25Ni24.75Zr50.25,0.1
Fe25Ni55P20,0.1
Fe25Sc37.5Zr37.5,0.1
Fe28Ir2Zr70,0.1
Fe28Pd2Zr70,0.1
Fe28Rh2Zr70,0.1
Fe28Ru2Zr70,0.1
Fe29.7Ni3.3Zr67,0.1
Fe3.3Ni29.7Zr67,0.1
Fe30Ni23.1Zr46.9,0.1
Fe30Ni50P20,0.1
Fe33Ni0.05Zr66.95,0.1
Fe33Ni0.15Zr66.85,0.1
Fe33Ni0.1Zr66.9,0.1
Fe33Ni0.2Zr66.8,0.1
Fe35Ni45P20,0.1
Fe36Ni54Zr10,0.1
Fe3Ni77P20,0.1
Fe4.2Pd79.3Si16.5,0.1
Fe40Ni40P20,0.1
Fe5.1Pd78.1Si16.8,0.1
Fe54Ni36Zr10,0.1
Fe56.7Si15Tb28.3,0.1
Fe5Ni31.35Zr63.65,0.1
Fe5Ni75P20,0.1
Fe6.6Ni26.4Zr67,0.1
Fe6.7Pd76.8Si16.5,0.1
Fe60Ni20P20,0.1
Fe61.7Si7.5Tb30.8,0.1
Fe63Ni27Zr10,0.1
Fe65Si2.5Tb32.5,0.1
Fe68Mn15P17,0.1
Fe71Mn12P17,0.1
Fe72Ni18Zr10,0.1
Fe74Mn9P17,0.1
Fe74Mo9P17,0.1
Fe74P17V9,0.1
Fe76.5Ni13.5Zr10,0.1
Fe76Mo7P17,0.1
Fe76P17V7,0.1
Fe80P10Si10,0.1
Fe80P11Si9,0.1
Fe80P12Si8,0.1
Fe80P13Si7,0.1
Fe80P14Si6,0.1
Fe80P15Si5,0.1
Fe80P16Si4,0.1
Fe80P17.5Si2.5,0.1
Fe80P18Si2,0.1
Fe80P9.5Si10.5,0.1
Fe81Ni9Zr10,0.1
Fe82Mn8Zr10,0.1
Fe84La6Zr10,0.1
Fe84Pr6Zr10,0.1
Fe86Mn4Zr10,0.1
Fe88Gd2Zr10,0.1
Fe88La2Zr10,0.1
Fe88Mn2Zr10,0.1
Fe89.7Gd0.3Zr10,0.1
Fe89.7La0.3Zr10,0.1
Fe89.7Pr0.3Zr10,0.1
Fe89.91Ge0.09Zr10,0.1
Fe89.91Si0.09Zr10,0.1
Fe89.91V0.09Zr10,0.1
Fe89.946Ge0.054Zr10,0.1
Fe89.946Si0.054Zr10,0.1
Fe89.946V0.054Zr10,0.1
Fe89.964Ge0.036Zr10,0.1
Fe89.964Si0.036Zr10,0.1
Fe89.964V0.036Zr10,0.1
Fe89.982Ge0.018Zr10,0.1
Fe89.982Si0.018Zr10,0.1
Fe89.982V0.018Zr10,0.1
Fe9.9Ni23.1Zr67,0.1
Fe9Ni81Zr10,0.1
Ge13Nb77Si10,0.1
Ge15Mo10Zr75,0.1
Ge15Mo20Zr65,0.1
Ge15Nb10Zr75,0.1
Ge15Nb20Zr65,0.1
Ge15Nb30Zr55,0.1
Ge15Nb40Zr45,0.1
Ge15Nb50Zr35,0.1
Ge15Nb60Zr25,0.1
Ge15Nb75Si10,0.1
Ge15Nb76.5Si8.5,0.1
Ge15Ta20Zr65,0.1
Ge15Ti20Zr65,0.1
Ge15V10Zr75,0.1
Ge15V20Zr65,0.1
Ge1Nb80Si19,0.1
Ge2Nb80Si18,0.1
Ge2Pd84Si14,0.1
Ge3Nb80Si17,0.1
Ge3Pd84Si13,0.1
Ge4Nb76Si20,0.1
Ge4Nb80Si16,0.1
Ge4Pd84Si12,0.1
Ge7Pd83Si10,0.1
Ge8Nb76Si16,0.1
Ge8Nb78Si14,0.1
Hf10Si15Zr75,0.1
Hf20Si15Zr65,0.1
Hf30Si15Zr55,0.1
Hf40Nb45Si15,0.1
Hf40Si15Zr45,0.1
Hf41Nb44Si15,0.1
Hf42Nb43Si15,0.1
Hf43Nb42Si15,0.1
Hf44Nb41Si15,0.1
Hf45Nb40Si15,0.1
Hf46Nb39Si15,0.1
Hf47Nb38Si15,0.1
Hf48Nb37Si15,0.1
Hf49Nb36Si15,0.1
Hf50Nb35Si15,0.1
Hf50Si15V35,0.1
Hf51Nb34Si15,0.1
Hf51Si15V34,0.1
Hf52Nb33Si15,0.1
Hf52Si15V33,0.1
Hf53Nb32Si15,0.1
Hf53Si15V32,0.1
Hf54Nb31Si15,0.1
Hf54Si15V31,0.1
Hf55Nb30Si15,0.1
Hf55Si15V30,0.1
Hf55Si15Zr30,0.1
Hf56Nb29Si15,0.1
Hf56Si15V29,0.1
Hf57Nb28Si15,0.1
Hf57Si15V28,0.1
Hf58Nb27Si15,0.1
Hf58Si15V27,0.1
Hf59Nb26Si15,0.1
Hf59Si15V26,0.1
Hf60Nb25Si15,0.1
Hf60Si15V25,0.1
Hf61Nb24Si15,0.1
Hf61Si15V24,0.1
Hf62Nb23Si15,0.1
Hf62Si15V23,0.1
Hf63Nb22Si15,0.1
Hf63Si15V22,0.1
Hf64Nb21Si15,0.1
Hf64Si15V21,0.1
Hf65Nb20Si15,0.1
Hf65Si15V20,0.1
Hf66Nb19Si15,0.1
Hf66Si15V19,0.1
Hf67Nb18Si15,0.1
Hf67Ni27P6,0.1
Hf67Si15V18,0.1
Hf68Nb17Si15,0.1
Hf68Si15V17,0.1
Hf69Nb16Si15,0.1
Hf69Si15V16,0.1
Hf70Nb15Si15,0.1
Hf70Si15V15,0.1
Hf71Nb14Si15,0.1
Hf71Si15V14,0.1
Hf72Nb13Si15,0.1
Hf72Si15V13,0.1
Hf73Nb12Si15,0.1
Hf73Si15V12,0.1
Hf74Nb11Si15,0.1
Hf74Si15V11,0.1
Hf75Nb10Si15,0.1
Hf75Si15V10,0.1
Hf76Nb9Si15,0.1
Hf76Si15V9,0.1
Hf77Nb8Si15,0.1
Hf77Si15V8,0.1
Hf78Nb7Si15,0.1
Hf78Si15V7,0.1
Hf79Nb6Si15,0.1
Hf79Si15V6,0.1
Hf80Nb5Si15,0.1
Hf80Si15V5,0.1
Hf81Nb4Si15,0.1
Hf81Si15V4,0.1
Hf82Nb3Si15,0.1
Hf82Si15V3,0.1
Hf83Nb2Si15,0.1
Hf83Si15V2,0.1
Hf84Nb1Si15,0.1
Hf84Si15V1,0.1
In6Mg70Zn24,0.1
Ir1Nb40Ni59,0.1
Ir1Ni59Ta40,0.1
Ir40P19Pd41,0.1
La10Mg50Ni40,0.1
La10Mg60Ni30,0.1
La10Mg65Ni25,0.1
La10Mg65Zn25,0.1
La10Mg70Zn20,0.1
La10Mg75Ni15,0.1
La10Mg80Ni10,0.1
La12Mg80Ni8,0.1
La15Mg50Ni35,0.1
La15Mg55Ni30,0.1
La15Mg60Ni25,0.1
La15Mg70Ni15,0.1
La15Mg75Ni10,0.1
La18Mg70Ni12,0.1
La20Mg35Ni45,0.1
La20Mg40Ni40,0.1
La20Mg45Ni35,0.1
La20Mg55Ni25,0.1
La20Mg60Ni20,0.1
La20Mg65Ni15,0.1
La24Mg60Ni16,0.1
La25Mg45Ni30,0.1
La25Mg50Ni25,0.1
La30Mg30Ni40,0.1
La30Mg40Ni30,0.1
La30Mg45Ni25,0.1
La30Mg50Ni20,0.1
La35Mg50Ni15,0.1
La36Mg40Ni24,0.1
La3Mg72Zn25,0.1
La3Mg75Zn22,0.1
La40Mg50Ni10,0.1
La48Mg20Ni32,0.1
La4Mg74Zn22,0.1
La4Mg76Zn20,0.1
La5Mg70Zn25,0.1
La5Mg75Ni20,0.1
La5Mg75Zn20,0.1
La5Mg80Ni15,0.1
La5Mg85Ni10,0.1
La7Mg71Zn22,0.1
La8Mg67Zn25,0.1
La8Mg72Zn20,0.1
La9Mg85Ni6,0.1
Mg10Nd40Ni50,0.1
Mg10Nd50Ni40,0.1
Mg10Nd60Ni30,0.1
Mg20Nd30Ni50,0.1
Mg20Nd40Ni40,0.1
Mg20Nd50Ni30,0.1
Mg20Nd60Ni20,0.1
Mg20Ni40Y40,0.1
Mg30Nd40Ni30,0.1
Mg30Nd50Ni20,0.1
Mg30Ni40Y30,0.1
Mg35Nd25Ni40,0.1
Mg40Nd20Ni40,0.1
Mg40Nd25Ni35,0.1
Mg40Nd30Ni30,0.1
Mg40Nd35Ni25,0.1
Mg40Ni30Y30,0.1
Mg45Nd15Ni40,0.1
Mg45Nd20Ni35,0.1
Mg45Nd25Ni30,0.1
Mg45Nd30Ni25,0.1
Mg45Nd35Ni20,0.1
Mg50Nd15Ni35,0.1
Mg50Nd20Ni30,0.1
Mg50Nd25Ni25,0.1
Mg50Nd30Ni20,0.1
Mg50Nd35Ni15,0.1
Mg50Ni20Y30,0.1
Mg50Ni30Y20,0.1
Mg55Nd10Ni35,0.1
Mg55Nd15Ni30,0.1
Mg55Nd20Ni25,0.1
Mg55Nd25Ni20,0.1
Mg55Nd30Ni15,0.1
Mg55Nd35Ni10,0.1
Mg60Nd15Ni25,0.1
Mg60Nd20Ni20,0.1
Mg60Nd25Ni15,0.1
Mg60Nd30Ni10,0.1
Mg60Ni20Y20,0.1
Mg60Ni25Y15,0.1
Mg60Ni30Y10,0.1
Mg65Nd10Ni25,0.1
Mg65Nd20Ni15,0.1
Mg65Nd25Ni10,0.1
Mg65Nd5Ni30,0.1
Mg65Ni15Y20,0.1
Mg65Ni20Y15,0.1
Mg65Ni25Y10,0.1
Mg65Ni30Y5,0.1
Mg70Nd10Ni20,0.1
Mg70Nd20Ni10,0.1
Mg70Ni15Y15,0.1
Mg70Sn6Zn24,0.1
Mg75Nd15Ni10,0.1
Mg75Nd20Ni5,0.1
Mg75Nd5Ni20,0.1
Mg75Ni10Y15,0.1
Mg75Ni15Y10,0.1
Mg75Ni20Y5,0.1
Mg80Ni10Y10,0.1
Mg80Ni15Y5,0.1
Mg83Nd5Ni12,0.1
Mg84Mn6Y10,0.1
Mg85Nd10Ni5,0.1
Mg85Nd5Ni10,0.1
Mg85Ni10Y5,0.1
Mg85Ni5Y10,0.1
Mg86.5Mn6Y7.5,0.1
Mg86Mn2Y12,0.1
Mg86Mn4Y10,0.1
Mg87Mn8Y5,0.1
Mg88.5Mn4Y7.5,0.1
Mg88Mn2Y10,0.1
Mg88Nd5Ni7,0.1
Mg89Mn6Y5,0.1
Mg90Nd7.5Ni2.5,0.1
Mg91.5Mn6Y2.5,0.1
Mg91Mn4Y5,0.1
Mn10Ni29.7Zr60.3,0.1
Mn15Ni28.05Zr56.95,0.1
Mn1Pd79Si20,0.1
Mn20Ni26.4Zr53.6,0.1
Mn25Ni24.75Zr50.25,0.1
Mn2Pd78Si20,0.1
Mn30Ni23.1Zr46.9,0.1
Mn33Ni0.05Zr66.95,0.1
Mn33Ni0.15Zr66.85,0.1
Mn33Ni0.1Zr66.9,0.1
Mn33Ni0.2Zr66.8,0.1
Mn3Pd77Si20,0.1
Mn4Pd76Si20,0.1
Mn5Ni31.35Zr63.65,0.1
Mn5Pd75Si20,0.1
Mn6Pd74Si20,0.1
Mn74P13Si13,0.1
Mn74P3Si23,0.1
Mn7Pd73Si20,0.1
Mo10Nb70Si20,0.1
Mo10Si15Zr75,0.1
Mo12Ni69P19,0.1
Mo13Ni68P19,0.1
Mo15Nb65Si20,0.1
Mo15Si15Zr70,0.1
Mo16P20Ru64,0.1
Mo20Nb60Si20,0.1
Mo20Si15Zr65,0.1
Mo25Nb55Si20,0.1
Mo30Nb50Si20,0.1
Mo32P20Ru48,0.1
Mo48P20Rh32,0.1
Mo48P20Ru32,0.1
Mo5Nb75Si20,0.1
Mo5Ni75P20,0.1
Mo5Si15Zr80,0.1
Mo64P20Ru16,0.1
Mo7Ni73P20,0.1
Mo9Ni72P19,0.1
Nb10Ni60Ta30,0.1
Nb10Si15Ti75,0.1
Nb10Si15Zr75,0.1
Nb15Ni60Ta25,0.1
Nb15Si15Ti70,0.1
Nb15Si17.5Ti67.5,0.1
Nb20Ni60Ta20,0.1
Nb20Si15Ti65,0.1
Nb20Si15Zr65,0.1
Nb25Ni60Ta15,0.1
Nb25Si15Ti60,0.1
Nb25Si17.5Ti57.5,0.1
Nb30Si13Zr57,0.1
Nb30Si14Ti56,0.1
Nb30Si15Ti55,0.1
Nb30Si15Zr55,0.1
Nb30Si16Ti54,0.1
Nb30Si17.5Ti52.5,0.1
Nb30Si17Zr53,0.1
Nb30Si18Ti52,0.1
Nb35Ni60Ta5,0.1
Nb35Si15Ti50,0.1
Nb40Ni57Pt3,0.1
Nb40Ni59Pd1,0.1
Nb40Ni59Pt1,0.1
Nb40Si11Zr49,0.1
Nb40Si13Zr47,0.1
Nb40Si15Ti45,0.1
Nb40Si15Zr45,0.1
Nb40Si17Zr43,0.1
Nb40Si9Zr51,0.1
Nb45Si15Ti40,0.1
Nb50Si15Zr35,0.1
Nb52Si18Ti30,0.1
Nb54Si16Ti30,0.1
Nb55Si15Ti30,0.1
Nb55Si20Zr25,0.1
Nb56Si14Ti30,0.1
Nb5Si15Ti80,0.1
Nb60Si15Ti25,0.1
Nb60Si15Zr25,0.1
Nb60Si20V20,0.1
Nb60Si20Zr20,0.1
Nb65Si15Ti20,0.1
Nb65Si20V15,0.1
Nb65Si20Zr15,0.1
Nb68Si17Ti15,0.1
Nb70Si15Ti15,0.1
Nb70Si15Zr15,0.1
Nb70Si20Ta10,0.1
Nb70Si20V10,0.1
Nb70Si20W10,0.1
Nb70Si20Zr10,0.1
Nb75Si15Ti10,0.1
Nb75Si20Ta5,0.1
Nb75Si20V5,0.1
Nb75Si20W5,0.1
Nb75Si20Zr5,0.1
Nb79Si20Zr1,0.1
Nb80Si15Ti5,0.1
Ni1.7Pd81.8Si16.5,0.1
Ni10P19Pd71,0.1
Ni10Pd73.5Si16.5,0.1
Ni10Si10Ti80,0.1
Ni10Si15Ti75,0.1
Ni11.7Pd71.8Si16.5,0.1
Ni12.5Pd71Si16.5,0.1
Ni15Pd68.5Si16.5,0.1
Ni15Si10Ti75,0.1
Ni15Si15Ti70,0.1
Ni16.4Pd65.6Si18,0.1
Ni16P20Pt64,0.1
Ni16Si20Ti64,0.1
Ni19.2Pd64.3Si16.5,0.1
Ni20.9Pd62.6Si16.5,0.1
Ni20P19Pd61,0.1
Ni20P20Ti60,0.1
Ni20Pd60Si20,0.1
Ni20Si10Ti70,0.1
Ni20Si15Ti65,0.1
Ni20Si5Ti75,0.1
Ni20V30Zr50,0.1
Ni22.5P25Pt52.5,0.1
Ni22V20Zr58,0.1
Ni24.75Ti25Zr50.25,0.1
Ni24.75V25Zr50.25,0.1
Ni24P1Zr75,0.1
Ni24P20Pd56,0.1
Ni24P20Pt56,0.1
Ni24P2Zr74,0.1
Ni24P4Zr72,0.1
Ni24P6Zr70,0.1
Ni24P8Zr68,0.1
Ni24Si1Zr75,0.1
Ni24Si2Zr74,0.1
Ni24Si4Zr72,0.1
Ni24Si6Zr70,0.1
Ni24Si8Zr68,0.1
Ni24V25Zr51,0.1
Ni25Si10Ti65,0.1
Ni25Si15Ti60,0.1
Ni25Si5Ti70,0.1
Ni25V10Zr65,0.1
Ni26.4Ti20Zr53.6,0.1
Ni26.4V20Zr53.6,0.1
Ni26.7Pd56.8Si16.5,0.1
Ni28.05Ti15Zr56.95,0.1
Ni28.05V15Zr56.95,0.1
Ni28Si16Ti56,0.1
Ni29.2Pd54.3Si16.5,0.1
Ni29.7Ti10Zr60.3,0.1
Ni29.7V10Zr60.3,0.1
Ni29V20Zr51,0.1
Ni30P25Pt45,0.1
Ni30Si10Ti60,0.1
Ni30Si15Ti55,0.1
Ni30Si20Ti50,0.1
Ni30Si5Ti65,0.1
Ni30V10Zr60,0.1
Ni31.35Ti5Zr63.65,0.1
Ni31.35V5Zr63.65,0.1
Ni31V5Zr64,0.1
Ni32.8Pd49.2Si18,0.1
Ni32Si20Ti48,0.1
Ni32Si4Ti64,0.1
Ni33Ti0.05Zr66.95,0.1
Ni33Ti0.15Zr66.85,0.1
Ni33Ti0.1Zr66.9,0.1
Ni33Ti0.2Zr66.8,0.1
Ni33V0.05Zr66.95,0.1
Ni33V0.15Zr66.85,0.1
Ni33V0.1Zr66.9,0.1
Ni33V0.2Zr66.8,0.1
Ni34P18Pd48,0.1
Ni35Pd48.5Si16.5,0.1
Ni35Si10Ti55,0.1
Ni35Si15Ti50,0.1
Ni35Si20Ti45,0.1
Ni35Si5Ti60,0.1
Ni36.5P27Pd36.5,0.1
Ni37.5P25Pd37.5,0.1
Ni37.5P25Pt37.5,0.1
Ni37P26Pd37,0.1
Ni37V25Zr38,0.1
Ni38.5P23Pd38.5,0.1
Ni4.2Pd79.3Si16.5,0.1
Ni40P20Pt40,0.1
Ni40Pd43.5Si16.5,0.1
Ni40Si10Ti50,0.1
Ni40Si15Ti45,0.1
Ni40Si20Ti40,0.1
Ni40Si5Ti55,0.1
Ni40V20Zr40,0.1
Ni41.5P17Pd41.5,0.1
Ni41P18Pd41,0.1
Ni42.5P15Pd42.5,0.1
Ni43.4Pd40.1Si16.5,0.1
Ni43P14Pd43,0.1
Ni45P10Pd45,0.1
Ni45P25Pt30,0.1
Ni45Si15Ti40,0.1
Ni45V10Zr45,0.1
Ni45V25Zr30,0.1
Ni46V30Zr24,0.1
Ni47V30Zr23,0.1
Ni48P20Pt32,0.1
Ni48Si20Ti32,0.1
Ni48V20Zr32,0.1
Ni49.2Pd32.8Si18,0.1
Ni49P2Zr49,0.1
Ni50.1Pd33.4Si16.5,0.1
Ni50.5V25Zr24.5,0.1
Ni50Si10Ti40,0.1
Ni50Ti30Zr20,0.1
Ni50V25Zr25,0.1
Ni52.5P25Pt22.5,0.1
Ni53V20Zr27,0.1
Ni54V20Zr26,0.1
Ni55P10Pd35,0.1
Ni55Si5Ti40,0.1
Ni55V10Zr35,0.1
Ni56P20Pd24,0.1
Ni56P20Pt24,0.1
Ni59Pd1Ta40,0.1
Ni59Pd1Zr40,0.1
Ni59Ru1Ta40,0.1
Ni5P19Pd76,0.1
Ni5Si15Ti80,0.1
Ni6.7Pd76.8Si16.5,0.1
Ni60P20Pd20,0.1
Ni60V10Zr30,0.1
Ni62P18Ta20,0.1
Ni63P20Pd17,0.1
Ni64P20Pt16,0.1
Ni64Si20Ti16,0.1
Ni65P20Ti15,0.1
Ni65P5Ta30,0.1
Ni67P20Ti13,0.1
Ni70P20Ti10,0.1
Ni72P18Ta10,0.1
Ni72P20Pd8,0.1
Ni75P18W7,0.1
Ni75P20Ti5,0.1
Ni75P5Ta20,0.1
Ni76P20Ti4,0.1
Ni77P18W5,0.1
Ni77P20Ti3,0.1
Ni8.2Pd73.8Si18,0.1
Ni80P18W2,0.1
Ni85P5Ta10,0.1
Ni8P20Pd72,0.1
P19Pd61Ti20,0.1
P19Pd65Ti16,0.1
P19Pd73Ti8,0.1
P19Pd79Ti2,0.1
Pd58.8Si20.6U20.6,0.1
Pd79.3Rh4.2Si16.5,0.1
Pd81.8Rh1.7Si16.5,0.1
Ru10Si15Zr75,0.1
Si10Ti10Zr80,0.1
Si10Ti15Zr75,0.1
Si10Ti20Zr70,0.1
Si10Ti24Zr66,0.1
Si15Ta10Ti75,0.1
Si15Ta10Zr75,0.1
Si15Ta20Ti65,0.1
Si15Ta20Zr65,0.1
Si15Ta30Ti55,0.1
Si15Ta30Zr55,0.1
Si15Ta40Ti45,0.1
Si15Ta40Zr45,0.1
Si15Ti10Zr75,0.1
Si15Ti15Zr70,0.1
Si15Ti20Zr65,0.1
Si15Ti25Zr60,0.1
Si15Ti30Zr55,0.1
Si15Ti35Zr50,0.1
Si15Ti40Zr45,0.1
Si15Ti45V40,0.1
Si15Ti45Zr40,0.1
Si15Ti50Zr35,0.1
Si15Ti55V30,0.1
Si15Ti55Zr30,0.1
Si15Ti5Zr80,0.1
Si15Ti60V25,0.1
Si15Ti60Zr25,0.1
Si15Ti65V20,0.1
Si15Ti65Zr20,0.1
Si15Ti70V15,0.1
Si15Ti70Zr15,0.1
Si15Ti75V10,0.1
Si15Ti75Zr10,0.1
Si15Ti80V5,0.1
Si15Ti80Zr5,0.1
Si15Ti9Zr76,0.1
Si15V10Zr75,0.1
Si15V20Zr65,0.1
Si15V30Zr55,0.1
Si15V40Zr45,0.1
Si15W10Zr75,0.1
Si20Ti15Zr65,0.1
Si20Ti20Zr60,0.1
Si20Ti25Zr55,0.1
Si20Ti70V10,0.1
Si20Ti75V5,0.1
Si20Ti9Zr71,0.1
Si25Ti15Zr60,0.1
Si25Ti20Zr55,0.1
Si25Ti25Zr50,0.1
Si25Ti8Zr67,0.1
Si30Ti15Zr55,0.1
Si30Ti20Zr50,0.1
Si30Ti26Zr44,0.1
Si30Ti8Zr62,0.1
Si35Ti15Zr50,0.1
Si35Ti20Zr45,0.1
Si35Ti26Zr39,0.1
Si35Ti8Zr57,0.1
Si40Ti15Zr45,0.1
Si40Ti20Zr40,0.1
Si40Ti26Zr34,0.1
Si40Ti8Zr52,0.1
Si45Ti15Zr40,0.1
Si45Ti20Zr35,0.1
Si45Ti25Zr30,0.1
Si45Ti8Zr47,0.1
Si50Ti15Zr35,0.1
Si50Ti20Zr30,0.1
Si50Ti25Zr25,0.1
Si50Ti8Zr42,0.1
Si55Ti15Zr30,0.1
Si55Ti20Zr25,0.1
Si55Ti24Zr21,0.1
Si55Ti9Zr36,0.1
Si5Ti12Zr83,0.1
Si5Ti15Zr80,0.1
Si5Ti20Zr75,0.1
Si5Ti23Zr72,0.1
Si60Ti15Zr25,0.1
Si60Ti20Zr20,0.1
Si60Ti24Zr16,0.1
Si60Ti9Zr31,0.1
Si65Ti10Zr25,0.1
Si65Ti15Zr20,0.1
Si65Ti20Zr15,0.1
Si65Ti23Zr12,0.1
Si6Sn9Zr85,0.1
Si70Ti11Zr19,0.1
Si70Ti15Zr15,0.1
Si70Ti20Zr10,0.1
Si70Ti22Zr8,0.1
Si75Ti12Zr13,0.1
Si75Ti15Zr10,0.1
Si75Ti20Zr5,0.1
Si75Ti22Zr3,0.1
Si80Ti14Zr6,0.1
Si80Ti15Zr5,0.1
Zr70Al8Cu3Ni19,0.2
Zr70Al8Cu19Ni3,0.2
Ti50Cu42.5Ni7.5,0.2
Ag46.2Mg15.4Ca38.4,0.3
Ag53.8Mg7.7Ca30.8Cu7.7,0.3
Mg70Ni20La10,0.4
Ni42Ti20Zr25Al8Cu5,0.5
Ni60Nb20Zr20,0.5
La70Al14(CuNi)16,0.5
La70.0Al12.4(CuNi)17.6,0.5
(Ni0.75B0.2Si0.05)96Nb4,0.5
(Fe0.75B0.15Si0.10)99Nb1,0.5
Au55Cu25Si20,0.5
Ag38.4Mg30.8Ca30.8,0.5
Ag53.8Mg15.4Ca23.1Cu7.7,0.5
Ca60Mg10Zn30,0.5
Ca55Mg15Zn30,0.5
Ag61.5Mg23.1Ca15.4,0.5
Ca55Mg18Zn27,0.5
Ag53.8Mg23.1Ca15.4Cu7.7,0.5
Ag38.4Mg38.5Ca15.4Cu7.7,0.5
Ca70Mg10Zn20,0.5
Ca70Mg15Zn15,0.5
Ca55Mg10Cu35,0.5
Ca45Mg19Cu36,0.5
Ca65Mg5Cu30,0.5
Cu47Ti33Nb11Ni8Si1,0.5
Ca40Mg30Cu30,0.5
Ca65Mg25Zn10,0.5
Cu54.5Mg27.3Ca18.2,0.5
Mg65Ni20La15,0.5
Ca65Mg25Cu10,0.5
Ca70Mg20Cu10,0.5
Mg69Ni18La13,0.5
Mg71Ni18La11,0.5
Mg80Ni10Nd10,0.6
Zr45Ti21Ni34,0.68
Ag46.2Mg23.1Ca30.7,0.7
Ag61.5Mg15.4Ca23.1,0.7
Ag53.8Mg23.1Ca23.1,0.7
Pd79.5Cu4Si16.5,0.75
(Fe0.75B0.15Si0.10)99Zr1,0.75
Ag53.8Mg15.4Ca30.8,0.8
Ag46.2Mg15.4Ca30.7Cu7.7,0.8
Ni61Zr28Nb7Al4,1
Ni59Zr17Ti16Si2Sn3Nb3,1
Ni59Zr20Ti16Sn5,1
(Fe81.5Si3.8C14Tm0.7)90.9P9.1,1
Fe71Mo2Nb3P12C10B2,1
(Fe81.5Si3.8C14Tm0.7)92.37P7.63,1
Fe71Mo3Nb2P12C10B2,1
Ce55Al25Cu20,1
Ce60Al20Co20,1
Ce70Al15Ni15,1
Ni60Nb40,1
Ce70Al10Ni20,1
La68Al14(CuNi)18,1
La68.0Al13.2(CuNi)18.8,1
Ce60Al10Cu20Ni10,1
Fe79P10C4B4Si3,1
Ti50Ni24Cu20B1Si2Sn3,1
(Ni0.675Fe0.075B0.2Si0.05)96Nb4,1
(Fe0.75B0.15Si0.10)98Nb2,1
(Fe0.74Tb0.01B0.2Si0.05)96Nb4,1
Cu47Ni13Zr30Ti10,1
Cu55Zr42.5Ga2.5,1
Ce70Al10Cu19Zn1,1
Cu57.5Zr37.5Ga5,1
Au46Ag5Cu29Si20,1
Ag50Mg11.5Ca30.8Cu7.7,1
(Fe72Mo4B24)96Dy4,1
Fe67Ni5Y6B22,1
Fe72W3Y3B22,1
Al33.6Ca66.4,1
Ti50Ni15Cu32Sn3,1
(Ti0.45Cu0.378Zr0.10Ni0.072)94Sn6,1
(Ti0.45Cu0.378Zr0.10Ni0.072)96Sn4,1
Ti0.45Cu0.378Zr0.10Ni0.072,1
Ca55Mg25Zn20,1
Ca55Mg11Zn11Cu23,1
Cu47Ti33Zr3Nb8Ni8Si1,1
Ca60Mg25Zn15,1
Mg50Ni30La20,1
Ca60Mg13Cu27,1
Ca60Mg15Cu25,1
Cu54.5Mg18.2Ca27.3,1
Ca45Mg30Cu25,1
Ca70Mg10Cu20,1
Mg65Cu20Y10Zn5,1
Mg65Cu25Ho10,1
Mg65Cu25Nd10,1
Mg65Cu25Pr10,1
Sc46Al14Co20Y20,1
Ag38.4Mg38.4Ca23.2,1.1
Ag50Mg19.2Ca23.1Cu7.7,1.2
Cu45.5Mg31.8Ca22.7,1.25
Ni60Nb25Zr15,1.5
Y56Al24Co20,1.5
Fe50Cr15Mo14C15B6,1.5
Pd77.5Cu6Si16.5,1.5
Fe65Mo14C15B6,1.5
Ni60Nb35Zr5,1.5
La66Al14Cu10Ni10,1.5
Fe27Co40Zr3Ti3Mo1.5Si1.5B24,1.5
Fe78Mo1P10C4B4Si3,1.5
Fe74Mo4Ga2P10C4B4Si2,1.5
Pr68(CuNi)25Al7,1.5
(Fe0.75B0.15Si0.10)96Nb4,1.5
Cu52.5Zr40Ga7.5,1.5
Pr72(CuNi)21Al7,1.5
Fe71Nb6B23,1.5
Pr68Cu25Al7,1.5
Pr72(CuNi)25Al3,1.5
Fe68Ni4Y6B22,1.5
Fe69Ni3Y6B22,1.5
Ti47.5Zr2.5Cu42.5Ni7.5,1.5
Cu50Mg22.7Ca27.3,1.5
Cu45.5Mg27.3Ca27.2,1.5
Cu40.9Mg36.4Ca22.7,1.5
Mg70Ni15Nd15,1.5
Ni59Zr20Ti16Si5,2
Ni42Ti20Zr20.5Al8Cu5Si4.5,2
Ni42Ti20Zr22.5Al8Cu5Si2.5,2
Ni59Zr20Ti11Si2Sn3Nb5,2
Ni59Zr20Ti9Si2Sn3Nb7,2
Ni59Zr18Ti13Si2Sn3Nb5,2
Ni59Zr19Ti9Si2Sn3Nb8,2
Ni59Zr18Ti11Si2Sn3Nb7,2
Ni60Zr20Ti7.5Nb7.5Al5,2
Ni60Zr20Ti5Nb10Al5,2
Ni59Zr17Ti11Si2Sn3Nb8,2
Ni59Zr15Ti16Si2Sn3Nb5,2
Ni61Zr22Nb7Al4Ta6,2
Ni60Zr20Ti2.5Nb12.5Al5,2
Ni59Zr16Ti11Si2Sn3Nb9,2
Ni59Zr15Ti13Si2Sn3Nb8,2
Ni59Zr14Ti13Si2Sn3Nb9,2
Ni59Zr13Ti16Si2Sn3Nb7,2
Ni59Zr13Ti14Si2Sn3Nb9,2
Ni59Zr11Ti16Si2Sn3Nb9,2
Gd55Ni22Mn3Al20,2
(Fe0.9Co0.1)58.5Cr6Mo14C19B2Er0.5,2
Gd55Al25Co20,2
Y55Al25Co20,2
Nd55Al25Co20,2
Fe71Mo4Nb1P12C10B2,2
Ni60Nb30Zr10,2
Pd71.5Cu12Si16.5,2
Pd77Cu6Si17,2
Pd73.5Cu10Si16.5,2
Co50Cr15Mo14C15B6,2
(Fe0.9Co0.1)64.875Mo14C15B6Er0.125,2
La55.4Al18.4(CuNi)26.2,2
La56.5Al17.9(CuNi)25.6,2
Pd81.5Cu2Si16.5,2
Ti53Cu15Ni18.5Al7Si3Hf3B0.5,2
Ti53Cu15Ni18.5Al7Si3Sc3B0.5,2
Ce68Al10Cu20C2,2
Fe72.0C7.0Si3.3B5.0P8.7Ga4.0,2
La55Al15Ag10Cu20,2
Ni60Nb30Ta10,2
Co43Fe20Ta5.5B31.5,2
Ce65Al15Cu20,2
(Fe0.68Tb0.07B0.2Si0.05)96Nb4,2
Fe73Mo4Ga3P10C4B4Si2,2
(Ni0.6Fe0.15B0.2Si0.05)96Nb4,2
La66Al14Cu20,2
Ce70Al15Cu15,2
Fe65Co10Ga5P12C4B4,2
Ce68Al10Cu20B2,2
(Co0.675Fe0.075B0.2Si0.05)96Nb4,2
(Fe0.675Co0.075B0.2Si0.05)96Nb4,2
Cu52.5Zr42.5Ga5,2
(Fe0.75B0.2Si0.05)96Nb4,2
Fe55.8Co14.2Nb6B24,2
(Fe72Nb4B20Si4)98Y2,2
(Fe72Nb4B20Si4)99Y1,2
Fe72Nb4B20Si4,2
Cu55Zr40Ga5,2
(Fe80Co20)71Nb6B23,2
Ce70Al10Cu18Zn2,2
Cu50Zr50,2
Fe56.8Co14.2Nb5B24,2
Cu46Zr54,2
Zr50Cu48Ag2,2
Ce70Al10Cu20,2
Ce57Al10Ni12.5Cu15.5Nb5,2
(Fe36Co36Mo4B24)94Dy6,2
(Fe43.2Co28.8Mo4B24)94Dy6,2
Ag10Al30Ca60,2
(Fe50.4Co21.6Mo4B24)94Dy6,2
Cu64Zr36,2
Cu42Zr42Ag16,2
(Fe64.8Co7.2Mo4B24]94Dy6,2
Au52Pd2.3Cu29.2Si16.5,2
Ti50Ni15Cu25Sn3Be7,2
(Fe72Mo4B24)93Dy7,2
Cu55Ni5Zr30Ti10,2
(Fe72Mo4B24)95Dy5,2
Ag38.5Mg23Ca30.8Cu7.7,2
Fe66Co6Y6B22,2
Fe68Co4Y6B22,2
Fe70Ni2Y6B22,2
Fe70Co2Y6B22,2
Fe71Ni1Y6B22,2
Y6Fe72B22,2
Fe66W6Y6B22,2
Fe74Nb6Y3B17,2
Ag46.2Mg23.1Ca23Cu7.7,2
Ag30.8Mg30.8Ca30.7Cu7.7,2
Ca63Al32Cu5,2
Cu45Zr15Ag10Hf30,2
Cu35Ag25Zr30Ti10,2
Ca65Mg10Zn25,2
Ca55Mg20Zn25,2
Ti44.10Zr9.80Cu37.04Ni7.06Sn2.00,2
(Ti0.45Cu0.378Zr0.10Ni0.072)98Sn2,2
Ca65Li6.46Mg5.54Zn23,2
Ca50Mg10Zn15Cu25,2
Ca65Li7.54Mg6.46Zn21,2
Cu47Ti33Zr5Nb6Ni8Si1,2
Ca65Li8.62Mg7.38Zn19,2
Cu50Mg18.2Ca31.8,2
Ca55Mg20Cu25,2
Ca65Mg10Cu25,2
Mg57Ni26La17,2
Ca50Mg30Cu20,2
Ca60Mg25Cu15,2
Ca65Mg20Cu15,2
Cu45.5Mg36.4Ca18.1,2
Ca65Li14.54Mg12.46Zn8,2
Gd55Ni25Al20,2
Zr55Al20Co25,2.5
Ni42Ti20Zr21.5Al8Cu5Si3.5,2.5
Fe63Cr3Mo10P12C10B2,2.5
Fe64Cr3Mo10P10C10B3,2.5
Fe65Cr2Mo9P10C8B6,2.5
Fe77Mo2P10C4B4Si3,2.5
(Ni0.525Fe0.225B0.2Si0.05)96Nb4,2.5
Fe75Mo2Ga3P10C4B4Si2,2.5
Fe76Si9B10P5,2.5
(Co0.6Fe0.15B0.2Si0.05)96Nb4,2.5
(Fe0.73Tb0.02B0.2Si0.05)96Nb4,2.5
(Fe0.6Co0.15B0.2Si0.05)96Nb4,2.5
Fe56.05Co13.45Nb5.5B25,2.5
Fe56Co16Y6B22,2.5
Fe58Co14Y6B22,2.5
Fe60Co12Y6B22,2.5
Fe62Co10Y6B22,2.5
Fe64Co8Y6B22,2.5
Fe71Mo1Y6B22,2.5
Ag30.8Mg23.1Ca30.7Cu15.4,2.5
Ti42.5Zr2.5Hf5Cu42.5Ni7.5,2.5
(Cu0.6Hf0.25Ti0.15)92Nb8,2.5
Ca30Mg25Cu45,2.5
Mg60Ni23.6La16.4,2.5
Gd55Ni15Al30,2.5
Mg75Ni15Nd10,2.8
Zr41Ti14Cu12.5Ni2Be22.5C8,3
Ni42Ti19Zr22.5Al8Cu5Si3.5,3
Ni59Zr20Ti16Si2Sn3,3
Ni59Zr21Ti9Si2Sn3Nb6,3
Ni59Zr19Ti11Si2Sn3Nb6,3
Ni59Zr17Ti13Si2Sn3Nb6,3
Ni59Zr16Ti13Si2Sn3Nb7,3
Ti40Zr10Cu30Pd20,3
Zr51Cu20.7Ni12Al16.3,3
La55Al25Ni20,3
Lu55Al25Co20,3
Fe49Cr15Mo14C19B2Er1,3
Ti40Zr10Cu32Pd18,3
Sc36Al24Co20Y20,3
Tb55Al25Co20,3
Tm55Al25Co20,3
Tm39Y16Al25Co20,3
Dy55Al25Co20,3
(Fe0.9Co0.1)58.5Cr6Mo14C18B3Er0.5,3
Ho55Al25Co20,3
Sm40Y15Al25Co20,3
Gd36Al24Co20Y20,3
Fe63C15Mo14Er2B6,3
Fe60.5Cr4Mo14C15B6Er0.5,3
(Fe0.9Co0.1)64.75Mo14C15B6Er0.25,3
La55Al25Ag5Cu15,3
Zr49Ti17Ni20Cu14,3
Ce60Al15Ni15Cu10,3
La55Al25Cu20,3
Fe75C7Si3.3B5P8.7Ga1,3
La55Al17.5Ag7.5Cu20,3
Ce60Al20Cu20,3
Zr65.5Al5.6Ni6.5Cu22.4,3
Ce65Al12.5Ni12.5Cu10,3
(Cu50Zr43Al7)98Si2,3
Fe65.5Cr4Mo4Ga4P12C5B5.5,3
Fe74Mo5P10C4B4Si3,3
Zr0.62Cu0.23Fe0.05Al0.10,3
Ce68Al10Cu20Si2,3
Zr47Cu46Al7,3
Fe46Co30Mo4(P0.45C0.2B0.2Si0.15)20,3
(Ni0.45Fe0.3B0.2Si0.05)96Nb4,3
(Fe0.69Tb0.06B0.2Si0.05)96Nb4,3
Ce70Al10Cu10Ni10,3
Cu40Zr40Ag10Al10,3
(Fe0.72Tb0.03B0.2Si0.05)96Nb4,3
(Fe0.45Co0.3B0.2Si0.05)92.16Nb3.84Cr4,3
(Fe72Nb4B20Si4)96Y4,3
Ce70Al10Cu17Zn3,3
Cu48Zr48Ag4,3
Fe72Nb4Hf3Y1B20,3
(Fe57.6Co14.4Mo4B24)94Dy6,3
Y4Fe72B22Hf2,3
Y4Fe72B22Ti2,3
(Fe72Mo4B24)94Dy6,3
Cu60Zr33Ti7,3
Fe71W1Y6B22,3
Fe70W2Y6B22,3
Fe67W5Y6B22,3
Cu45Zr25Ag10Hf20,3
Cu52.5Hf40Al7.5,3
Fe72W1Y5B22,3
Fe72W2Y4B22,3
Cu55Ag5Zr30Ti10,3
Ag38.4Mg30.8Ca23.1Cu7.7,3
Cu60Zr20Hf10Ti10,3
Cu40Ag20Zr30Ti10,3
Ti43.15Zr9.59Cu36.24Ni9.06Sn1.96,3
Cu60Hf17.5Ti22.5,3
Ca65Li9.69Mg8.31Zn17,3
Cu40.9Mg18.2Ca40.9,3
Cu45.5Mg18.1Ca36.4,3
Ca55Mg15Cu30,3
Cu45.5Mg22.7Ca31.8,3
Cu33.3Mg33.3Ca33.3,3
Cu40.9Mg31.8Ca27.3,3
Mg60Ni23.6Y1La15.4,3
Mg74Ni15Gd10Ag1,3
Mg65Cu25Dy10,3
Mg65Cu25Er10,3
Mg75Ni15Gd10,3
Sc40Al20Co20Y20,3
Al25Gd55Ni20,3.5
(Fe0.9Co0.1)64Mo14C15B6Er1,3.5
Fe76Mo3P10C4B4Si3,3.5
(Fe0.70Tb0.05B0.2Si0.05)96Nb4,3.5
(Fe0.71Tb0.04B0.2Si0.05)96Nb4,3.5
(Co0.525Fe0.225B0.2Si0.05)96Nb4,3.5
(Fe0.525Co0.225B0.2Si0.05)96Nb4,3.5
(Fe0.45Co0.3B0.2Si0.05)93.12Nb3.88Cr3,3.5
Fe70Nb4Hf3Y3B20,3.5
Fe67Mo5Y6B22,3.5
Fe70Mo2Y6B22,3.5
Ca35Mg25Cu40,3.5
Mg60Ni23.6Y0.25La16.15,3.5
Mg65Ni20Nd15,3.5
Mg73Ni15Gd10Ag2,3.5
Gd60Ni15Al25,4
Fe49Cr15Mo14C18B3Er1,4
La55Al25Ni15Cu5,4
Fe49Cr15Mo14C17B4Er1,4
Zr65Al8.7Cu14.4Ni11.9,4
Sm55Al25Co20,4
Ti40Zr10Cu34Pd16,4
(Fe0.9Co0.1)58.5Cr6Mo14C15B6Er0.5,4
La55Al25Ni5Cu15,4
(Fe0.9Co0.1)64.25Mo14C15B6Er0.75,4
(Fe0.9Co0.1)64.5Mo14C15B6Er0.5,4
Fe49Cr15Mo14C13B8Er1,4
Zr49Ti14Ni20Cu17,4
Fe68.3C6.9Si2.5B6.7P8.8Cr2.2Mo2.5Al2.1,4
La55Al20Ag5Cu20,4
(Fe60Cr10Mo9C13B6Er2)98In2,4
(Cu50Zr43Al7)98.5Si1.5,4
Pd79Cu5Ag1Si10P5,4
Fe75Mo4P10C4B4Si3,4
(Cu50Zr50)92Al8,4
Fe76Mo4(P0.45C0.2B0.2Si0.15)20,4
Ti40Zr10Cu40Pd10,4
(Zr0.62Cu0.23Fe0.05Al0.10)99Ag1,4
Cu50Zr43Al7,4
Fe76Mo2Ga2P10C4B4Si2,4
(Zr0.62Cu0.23Fe0.05Al0.10)93Ag7,4
(Co0.45Fe0.3B0.2Si0.05)96Nb4,4
(Fe0.45Co0.3B0.2Si0.05)95.04Nb3.96Cr1,4
Cu46Zr37Al7Y10,4
(Fe0.45Co0.3B0.2Si0.05)94.08Nb3.92Cr2,4
(Fe72Nb4B20Si4)97Y3,4
Zr50Cu45Ag5,4
Fe71Nb4Hf3Y2B20,4
Zr50Cu43Ag7,4
Cu46Zr46Ag8,4
Zr50Cu38Ag12,4
Cu44Zr44Ag12,4
Cu57Zr36Ag7,4
Cu45Zr35Ag10Hf10,4
Y4Fe72B22Nb2,4
Y4Fe72B22Ta2,4
Fe69W3Y6B22,4
Fe68W4Y6B22,4
Cu60Zr30Ti10,4
Cu50Ag10Zr30Ti10,4
Cu47Ti33Zr11Ni8Si1,4
Ca60Mg20Zn20,4
Cu60Hf25Ti15,4
(Cu0.6Hf0.25Ti0.15)98Nb2,4
Yb62.5Zn15Mg17.5Cu5,4
Cu60Hf20Ti20,4
(Cu0.6Hf0.25Ti0.15)96Nb4,4
(Cu0.6Hf0.25Ti0.15)94Nb6,4
Ca40Mg25Cu35,4
Cu40.9Mg27.3Ca31.8,4
Ca60Mg20Cu20,4
Ca65Mg15Cu20,4
Mg60Ni23.6Y0.75La15.65,4
Mg60Ni23.6Y0.5La15.9,4
Mg68Ni15Gd10Ag7,4
Mg71Ni15Gd10Ag4,4
Mg59Cu31Gd10,4
Mg61Cu29Gd10,4
Mg63Cu27Gd10,4
Mg61.5Cu29.5Gd9,4
Mg65Cu25Y10,4
Mg63.5Cu27.5Gd9,4
Ti34Zr11Cu47Ni8,4.5
Zr55Al20Co20Cu5,5
Ni59Zr19Ti11Si3Sn2Nb6,5
Ni59Zr16Ti13Si3Sn2Nb7,5
Zr41Ti14Cu12.5Ni8Be22.5C2,5
Zr64Al10.1Cu11.7Ni14.2,5
Lu39Y16Al25Co20,5
Zr54Al15Ni10Cu19Y2,5
Zr40Ti15Cu11Ni11Be21.5Y1Mg0.5,5
Er55Al25Co20,5
Zr53Al14Ni10Cu19Y4,5
Tb36Y20Al24Co20,5
Ho35Y21Al24Co20,5
La55Al25Ni10Cu10,5
Pr55Al25Co20,5
Dy46Al24Co18Fe2Y10,5
La55Al25Co20,5
(Fe60Cr10Mo9C13B6Er2)98Nb2,5
La58.6Al17.0(CuNi)24.4,5
Gd60Co25Al15,5
Fe64Cr10Mo9C15Er2,5
La64.6Al14.6(CuNi)20.8,5
La62Al14Cu16Ag8,5
La60Al15Ag5Cu20,5
Pr60Al10Ni10Cu20,5
La62Al14Cu17Ag7,5
La62Al14Cu18Ag6,5
Pd79Cu6Si10P5,5
La62Al14Cu19Ag5,5
(Fe60Cr10Mo9C13B6Er2)98Pb2,5
Pd79Cu4Ag2Si10P5,5
Pd79Cu3Ag3Si10P5,5
La62Al14Cu22Ag2,5
Cu45Zr48Al7,5
La62Al14Cu24,5
Fe56Co20Mo4(P0.45C0.2B0.2Si0.15)20,5
(Zr0.62Cu0.23Fe0.05Al0.10)95Ag5,5
Cu47Zr43Al7Ag3,5
Fe65Cr9Mo8C10B6Er2,5
La65Al10Ag5Cu20,5
Ti4Zr44Cu36Al8Ag8,5
(Fe0.375Co0.375B0.2Si0.05)96Nb4,5
Fe4Zr48Cu32Al8Ag8,5
Ce68Al10Cu20Ni2,5
Nb4Zr44Cu36Al8Ag8,5
Zr36Nb12Cu10Ni8Be20Y2Mg12,5
(Cu60Zr30Ti10)90Be10,5
Fe61B15Mo7Zr8Co6Y2Al1,5
Fe61B15Mo7Zr8Co7Y2,5
Fe61Co5Zr8Y2Cr2Mo7B15,5
Zr50Cu40Ag10,5
Zr36Nb12Cu10Ni6Fe2Be20Y2Mg12,5
Ti45Ni15Cu25Sn3Be7Zr5,5
Ce68Al10Cu20Fe2,5
Cu43Zr43Ag7In7,5
Cu50Zr42.5Ti7.5,5
Cu43Zr43Ag7Ti7,5
Au49Ag5.5Pd2.3Cu26.9Si16.3,5
Ce65Al10Ni10Cu10Nb5,5
Cu45Ni5Ag10Zr30Ti10,5
Ce67Al10Cu20Nb3,5
Zr26Ti10Cu8Ni8Be20Y4Mg24,5
(Cu60Zr30Ti10)99Sn1,5
(Cu60Zr30Ti10)98Y2,5
Cu45Ag15Zr30Ti10,5
Cu47Ti33Zr9Nb2Ni8Si1,5
Ti41.5Zr2.5Hf5Cu42.5Ni7.5Si1,5
Cu47Ti33Zr7Nb4Ni8Si1,5
Ca65Mg20Zn15,5
Ca65Li9.96Mg8.54Zn16.5,5
Cu40.9Mg22.7Ca36.4,5
Cu36.4Mg36.4Ca27.2,5
Mg70Ni15Gd10Ag5,5
Mg65Cu20Ni5Gd10,5
Mg65Cu25Tb10,5
Mg65Cu25Gd5Y5,5
Zr61.5Al10.7Cu13.65Ni14.15,5.5
Zr63.5Al10.7Cu10.7Ni15.1,6
Fe49Cr15Mo14C15B6Er1,6
Fe58Cr5Mo14Er2C15B6,6
Ti40Zr10Cu36Pd14,6
Zr70Al8Cu16Ni6,6
Ti40Zr10Cu38Pd12,6
Ti50Zr15Cu9Ni8Be18,6
Cu47Zr43Al7Be3,6
La62.5Al12.5Ag5Cu20,6
Ti55Zr10Cu9Ni8Be18,6
Fe66Co10Mo4(P0.45C0.2B0.2Si0.15)20,6
La62.5Al12.5Ag5Cu15Fe5,6
(Cu0.5Zr0.425Ti0.075)99Si1,6
Cu45Zr45Ag10,6
(Cu0.5Zr0.425Ti0.075)99Sn1,6
Cu54Zr36Ag10,6
Fe69Mo3Y6B22,6
Cu54Ag6Zr33Ti7,6
Cu46.4Ag11.6Zr35Ti7,6
Cu47Ti33Zr11Si1Ni6Sn2,6
Ti41.5Zr2.5Hf5Cu37.5Ni7.5Si1Sn5,6
Ca60Mg15Zn25,6
Ca65Mg15Zn20,6
Ca47Mg19Zn7Cu27,6
Ca47.5Mg22.5Cu30,6
Ca45Mg25Cu30,6
Ca58Mg18Cu24,6
Mg65Cu15Ag10Er10,6
Mg64.5Cu24.5Gd11,6
Mg65.5Cu25.5Gd9,6
Zr65Al7.5Ni10Cu7.5Pd10,6
Zr63Al11.4Cu9.3Ni16.3,6.5
Fe68Mo4Y6B22,6.5
Fe48Cr15Mo14C15B6Y2,7
Pd79Cu2Ag4Si10P5,7
La62.5Al12.5Ag5Cu17.5Fe2.5,7
Cu45Zr45Ag7Al3,7
(Cu0.5Zr0.425Ti0.075)98.8Sn0.6Si0.6,7
Cu43Zr40Ag7Ti10,7
Ca53Mg23Cu24,7
Mg69Ni15Gd10Ag6,7
Zr62.5Al12.1Cu7.95Ni17.45,7.5
Mg65Cu15Ag10Gd10,7.5
Zr70Al8Cu6Ni16,8
Zr48Nb8Cu14Ni12Be18,8
Er50Al24Co20Y6,8
Fe48Cr15Mo14Er2C15B6,8
Fe45Co3Cr15Mo14C15B6Y2,8
Zr70Al8Cu11Ni11,8
Zr48Nb8Cu12Fe8Be24,8
La57.6Al17.5(CuNi)24.9,8
La59.6Al16.6(CuNi)23.8,8
La60.5Al16.3(CuNi)23.2,8
Fe60Cr10Mo9C13B6Er2,8
(Fe60Cr10Mo9C13B6Er2)98Al2,8
(Fe60Cr10Mo9C13B6Er2)98Ni2,8
(Fe60Cr10Mo9C13B6Er2)98Be2,8
Ti40Zr25Ni8Cu9Be18,8
Fe56Mn5Cr7Mo12Er2C12B6,8
La62Al14Cu20Ag4,8
La62.5Al12.5Ag5Cu17.5Co2.5,8
Cu46Zr45Al7Y2,8
Cu45Zr45Ag3Al7,8
Fe60Cr10Mo9C10B6Er2Ni3,8
Cu43Zr43Al7Ag7,8
Ce65Al10Cu20Co5,8
Hf51Cu27.75Ni9.25Al12,8
Ce69.8Al10Cu20Co0.2,8
Ce68Al10Cu20Nb2,8
Cu49Zr36Ag10Ti5,8
Ca50Mg25Zn15Cu10,8
Ca50Mg20Cu30,8
Cu36.4Mg27.2Ca36.4,8
Cu36.4Mg31.8Ca31.8,8
Ca55Mg25Cu20,8
Mg65Cu15Ag10Y4Gd6,8
Mg58.5Cu30.5Gd11,8
Mg60.5Cu28.5Gd11,8
Mg65Cu25Gd10,8
Fe43Co5Cr15Mo14C15B6Y2,9
La55Al25Ni5Cu10Co5,9
La62.5Al12.5Ag5Cu15Co5,9
Cu45Zr45Ag5Al5,9
Ca50Mg25Cu25,9
Mg65Cu15Ag10Y2Gd8,9
Mg65Cu7.5Ni7.5Ag5Zn5Y10,9
Mg58.5Cu30.5Y11,9
Mg62.5Cu26.5Gd11,9
Mg65Cu7.5Ni7.5Ag5Zn5Gd2.5Y7.5,9.5
(Zr0.55Al0.20Co0.20Cu0.05)99Ag1,10
Fe39Co9Cr15Mo14C15B6Y2,10
Co48Cr15Mo14C15B6Er2,10
Zr57Ti5Al10Cu20Ni8,10
Zr70Al8Cu13.5Ni8.5,10
La63.1Al15.2(CuNi)21.7,10
La32Ce32Al16Ni5Cu5Co10,10
La32Ce32Al16Ni5Cu7Co8,10
La32Ce32Al16Ni5Cu12Co3,10
La32Ce32Al16Ni5Cu15,10
(Cu50Zr43Al7)99.5Si0.5,10
Zr48Cu42Al7Ag3,10
Zr48Cu40Al7Ag5,10
(Zr0.62Cu0.23Fe0.05Al0.10)97Ag3,10
Zr48Cu37Al7Ag8,10
Ti2Zr46Cu36Al8Ag8,10
Fe2Zr48Cu34Al8Ag8,10
Cu46Zr42Al7Y5,10
Cu44Zr44Ag6Al6,10
Nb2Zr46Cu36Al8Ag8,10
Hf47Cu29.25Ni9.75Al14,10
La62Cu24Al10.8Mg3.2,10
Hf48Cu29.25Ni9.75Al13,10
La62Cu24Al10.5Mg3.5,10
Ce68Al10Cu20Co2,10
La62Cu24Al9.8Mg4.2,10
Ce69Al10Cu20Co1,10
Ce69.5Al10Cu20Co0.5,10
Ce69Al10Cu20Nb1,10
Cu49Hf42Al9,10
Ca60Mg17.5Zn22.5,10
Ca62.5Mg17.5Zn20,10
Ca50Mg15Zn10Cu25,10
Mg65Cu15Ag5Pd5Gd10,10
Ca50Mg20Zn5Cu25,10
Ca50Mg22.5Cu27.5,10
Mg57Cu31.5Y9.2Nd2.3,10
La61.4Al15.9(CuNi)22.7,10.5
La62.0Al15.6(CuNi)22.4,11
Mg65Cu7.5Ni7.5Ag5Zn5Gd10,11
La62Cu12Ni12Al14,12
La32Ce32Al16Ni5Cu10Co5,12
Cu43Zr43Al7Be7,12
(Cu50Zr43Al7)99Si1,12
Zr48Cu43Al7Ag2,12
(Cu50Zr50)92Al7Gd1,12
Cu42Zr42Ag8Al8,12
Mg57Cu31.5Y8Nd3.5,12
Mg61Cu28Gd11,12
Mg65Cu7.5Ni7.5Ag5Zn5Gd7.5Y2.5,13
(Zr0.55Al0.20Co0.20Cu0.05)93Ag7,14
Mg65Cu7.5Ni7.5Ag5Zn5Gd5Y5,14
Mg57Cu31Y6.6Nd5.4,14
Au6Zr48Cu30Al8Ag8,15
Cu34Zr50Ag8Al8,15
Cu40Zr44Ag8Al8,15
Hf6Zr42Cu36Al8Ag8,15
(Zr0.55Al0.20Co0.20Cu0.05)97Ag3,16
(Zr0.55Al0.20Co0.20Cu0.05)95Ag5,16
Fe41Co7Cr15Mo14C15B6Y2,16
Zr65Al7.5Cu17.5Ni10,16
La62Al14(Cu5Ag1)12(Ni1Co1)12,16
La62Al14(Cu5Ag1)16(Ni1Co1)8,16
La62Al14(Cu5Ag1)20(Ni1Co1)4,16
Pd6Zr48Cu30Al8Ag8,20
Au4Zr48Cu32Al8Ag8,20
Au2Zr48Cu34Al8Ag8,20
La62Al14(Cu5Ag1)14(Ni1Co1)10,20
Cu38Zr46Ag8Al8,20
Zr46Cu37.64Ag8.36Al8,20
Hf4Zr44Cu36Al8Ag8,20
Y36Sc20Al24Co10Ni10,25
Y36Sc20Al24Co20,25
Pd4Zr48Cu32Al8Ag8,25
Ni6Zr48Cu30Al8Ag8,25
Ni2Zr48Cu34Al8Ag8,25
Zr48Cu36Al8Ag8,25
Hf2Zr46Cu36Al8Ag8,25
Pd40Ni40P20,25
Mg59.5Cu22.9Ag6.6Gd11,27
Pd2Zr48Cu34Al8Ag8,30
Ni4Zr48Cu32Al8Ag8,30
Zr46Cu27.64Ag8.36Al8Be10,35
Zr46Cu31.64Ag8.36Al8Be6,35
Zr41.2Ti13.8Cu12.5Ni10Be22.5,50